,X1,X2,y
0,-0.8392572195185668,-0.9596971587291755,0
1,-0.5883512047326711,-1.1293470840211428,0
2,-0.5939327869293457,-1.1637094100495728,0
3,-1.6076055786951944,-0.6427025640312372,0
4,-0.15300353878175232,-1.1734482189991442,0
5,-0.48580374036722307,-0.9962939119401995,0
6,0.15984050654491266,-0.9695042207695872,0
7,-0.1487144577818078,-1.3625597021953233,0
8,1.2746541352412093,-1.0932277700335384,1
9,-0.6596448578867098,-1.035447856322998,0
10,-0.8036173660273755,-1.2520486608310286,0
11,-1.4567587714262784,-1.0863488141473303,0
12,-2.2702207568144646,-0.9103838683714643,0
13,-1.2439738162797902,-0.9478603336936906,0
14,-0.6041398605583866,-1.3718681098053143,0
15,-1.5152843630031634,-0.8248790954993881,0
16,-1.6940002807518284,-0.9744523418820685,0
17,-0.10787000784142653,-0.9442713636463631,0
18,-1.5997715265594388,-0.8016079112394304,0
19,-0.4456383471613329,-1.2097968359732285,0
20,-0.5520529358602515,-0.9651777043367766,0
21,-2.1378591465099053,-0.9271627746002549,0
22,-1.3331514951364636,-0.810805386180317,0
23,-0.997267573443541,-1.1286002414667897,0
24,-0.40162411004156173,-0.8689978961410372,0
25,-1.5458479044099698,-1.183029704367096,0
26,-0.9772881919944624,-1.077399772577227,0
27,-0.7915366537738038,-1.06112792519256,0
28,-1.4901030552835557,-0.941845675195399,0
29,-1.8829870319059134,-0.8672586057947498,0
30,-0.5790493518458797,-1.0343208176319638,0
31,-1.411911218215633,-0.9036509613190041,0
32,-2.2099998766317004,-0.6412829589069098,0
33,-0.6086600050405688,-1.0076034610784461,0
34,-1.6389945577307623,-0.875379633777644,0
35,-0.017794573849383655,-1.3681361762951105,0
36,-0.6791513107555052,-1.4083245763719479,0
37,-0.717075461474746,-0.7856105239708328,0
38,-0.9763720671280438,-0.7294375610630408,0
39,-1.8750845288359888,-0.49534986037802464,0
40,-0.6282516254672587,-1.2692588918472971,0
41,-0.9430118212085401,-0.998182348284696,0
42,-1.3517156087446398,-1.0880611268125053,0
43,-1.8273494826391805,-0.9975159243281966,0
44,-1.472910077252629,-0.9400909677511072,0
45,-1.3943931133772451,-0.7418947462526371,0
46,-1.4914902956526284,-0.9589924318747444,0
47,-1.5747894517382455,-1.0816593755579058,0
48,-0.6965686451068624,-1.0766312956645916,0
49,-1.4168269842375094,-0.819745469661298,0
50,-0.9022908223276185,-0.6811224885013167,0
51,-1.4460194946283973,-1.045051534834032,0
52,-1.7903165153573366,-0.7156816183520924,0
53,-0.9508408517775256,-0.9242985113007662,0
54,0.1953656258380807,-0.9415699046289225,0
55,-2.0376170276287873,-1.0044290288789273,0
56,-2.301000170409296,-0.8522282044787868,0
57,-1.0141928156291273,-1.2233312165395187,0
58,-1.2011436206432506,-1.013475119712809,0
59,-0.49777850192718043,-1.0103321412333677,0
60,-1.1478754877857154,-0.8614546256544149,0
61,-0.4891423493622704,-0.9931310120858372,0
62,-1.0812255097544305,-0.829886402784722,0
63,-1.390576001768678,-0.9998172222280712,0
64,-1.310410182765497,-0.8510610522645814,0
65,-1.1147196962590824,-1.0826396035056547,0
66,-0.7509739708798033,-0.9117969535816279,0
67,-0.6789511276215248,-1.1004667814594955,0
68,-1.276241783915557,-1.1504413408577954,0
69,-1.0453773659268462,-0.8854850388664247,0
70,-1.702042001918029,-1.0189703875012797,0
71,-1.9778509149041783,-0.7524866372939429,0
72,-1.9515661937566258,-0.8744090046161155,0
73,-0.3980819739818431,-1.5282599099412304,0
74,-1.247891386097657,-1.0182956802039989,0
75,-1.095046504026948,-1.0644970317372922,0
76,-1.1655653629243024,-1.058679183447519,0
77,-0.5386594496316202,-1.094484850364737,0
78,-2.325454121881871,-0.7594605478700462,0
79,-0.4138705939742171,-1.0333075577744297,0
80,-0.9426602848450016,-1.1253658536633089,0
81,-1.125239072700346,-0.7584130149817401,0
82,0.4972389105518562,-1.222127158685741,0
83,-1.1823206086174298,-0.5375437603761106,0
84,-0.5435592942768319,-1.1100555188329206,0
85,-1.825994316933862,-1.0221413650261555,0
86,-1.1576128723983385,-1.2411702315678084,0
87,-1.2649555834389696,-0.8597226493741034,0
88,-0.5249853101062936,-0.9269774150617838,0
89,-1.8095162651896866,-1.043602464487821,0
90,-1.5253248158322195,-1.2924479164432139,0
91,0.4116102762272711,-1.1176240532375876,0
92,-1.705708277247011,-1.0136924696926526,0
93,-1.177384103436405,-1.013990309350281,0
94,-0.9378937103663831,-1.1273479143210976,0
95,-0.7620731342142646,-1.2148306080171565,0
96,-2.081478893066421,-0.8676975641985909,0
97,-1.2952436515647083,-1.0550540249390956,0
98,-0.6323630441035502,-1.1371687859051591,0
99,-0.7757515112932575,-0.739396204522135,0
100,-1.78817981516784,-1.020746266447456,0
101,-0.3611396254007432,-0.9738662481264446,0
102,-0.5824540684033113,-1.000469069385304,0
103,-2.510906045436818,-0.7144677411153109,0
104,-1.8284664609906782,-0.7428439343346811,0
105,-1.6631864467796624,-0.962355744445631,0
106,-1.152733915849067,-0.921140269685607,0
107,-1.5472873091088046,-0.9360084606651312,0
108,-0.546907312050872,-1.0570359990852078,0
109,-1.394249497100051,-0.909285631565123,0
110,-1.4047078179428047,-0.5752812553649618,0
111,-0.7491381604566936,-1.076376923884388,0
112,-2.6898175788921534,-0.6773272213246053,0
113,-0.14260020841309584,-1.2120339957085577,0
114,-1.9862654442588137,-0.785581900491952,0
115,-1.5410939511777173,-0.9745908588562895,0
116,-1.294875773570236,-1.097052159362004,0
117,-2.1362751156748985,-0.8124368484149533,0
118,-1.687921838387957,-1.1618666144875232,0
119,-0.16683544117567706,-1.0950471159245587,0
120,-0.8294692483649685,-1.140822825722779,0
121,-1.1265538581471923,-0.9950695945463046,0
122,-1.2398326447709498,-0.8923229219880856,0
123,-2.5050782406156844,-0.9861340922278801,0
124,-1.0181575335062352,-1.1927158090156735,0
125,-0.3293221644785136,-1.2361250276426072,0
126,-1.2153300150673787,-0.9376270803833922,0
127,-0.6070991276376578,-1.0533729117854607,0
128,-0.10473274971097257,-1.0528252846550505,0
129,0.10781480316001213,-1.2910298537733285,0
130,-0.8162918481094805,-0.9699519647507773,0
131,0.12652840079798144,-1.082706054164423,0
132,-1.408045649511227,-0.8157270960835399,0
133,-0.7936165866410222,-0.7343984423026247,0
134,-0.9357773296709564,-0.824017954278599,0
135,-0.23611393559106109,-1.064587086163605,0
136,-0.5407728425812793,-1.2505705250655352,0
137,-1.2469591593035678,-1.1921464130898363,0
138,1.3209636085424747,-1.3359199513982702,1
139,-0.6253409116499726,-1.1929552701434303,0
140,-1.5825146914517612,-0.9377560294607948,0
141,-0.34360061517411344,-1.1593742444095136,0
142,-1.5700192675568878,-0.9167645721900552,0
143,-0.4004945454358113,-1.180019357161065,0
144,-0.660075052014296,-1.277257551492696,0
145,-0.6970668030281095,-1.027783758831816,0
146,0.0650128902224969,-1.1503473710528827,0
147,-1.2913774812656817,-1.075764876540548,0
148,-0.7799247913227301,-1.0093041958802955,0
149,-1.08696828074265,-1.0743509338552795,0
150,-1.78370553501833,-0.6272452744894402,0
151,-1.1544504524799113,-0.8740755116041716,0
152,-1.755253024688706,-1.0805075800402453,0
153,-2.225655215467473,-0.5590137898617181,0
154,-1.4614980798694803,-1.008109682902904,0
155,-1.5149878913352892,-0.7011969079698437,0
156,-1.3386457782403722,-1.0277994107734165,0
157,-1.4949272529546762,-0.9813546167420253,0
158,-0.8445098035822376,-0.8611193715812863,0
159,-1.1493415003681693,-1.0322072961956503,0
160,-2.349115885525429,-0.5944962063088826,0
161,-1.6201134473622951,-0.8387653633983413,0
162,-1.2058877047153789,-0.9578039816876345,0
163,-0.34601017352862873,-1.259795590483186,0
164,-0.7830023602676903,-0.9886741190216181,0
165,-1.5932385254269865,-0.6918882187378703,0
166,0.3657921176797674,-1.1460875622454147,0
167,-0.03557394547897563,-1.267827369948468,0
168,-0.9844583046951945,-1.4004767377231948,0
169,-0.8472754848530836,-1.023893772286224,0
170,-1.1892837097094344,-1.041345404370121,0
171,-1.0672809072182732,-0.9855883708873212,0
172,-1.0369993025374178,-1.1002112130907278,0
173,-0.7000022044056062,-0.7798312745192149,0
174,-0.42797832026921145,-0.8355862514567124,0
175,-1.0364585265691892,-1.107364125384202,0
176,-1.361952283112343,-0.9561477623355388,0
177,-1.6928527889115343,-0.941901205986498,0
178,-0.07611895596286922,-1.2816522313225642,0
179,-1.4071640256873659,-0.8906109447582916,0
180,-0.6858690979482092,-0.9899306644641865,0
181,-1.5625912419201256,-1.0166867515391398,0
182,-2.133293917681824,-0.9496467665296106,0
183,-2.249226388028707,-0.5867845345007825,0
184,-1.6043110746377367,-1.1427638158354265,0
185,-0.8398068752983244,-1.2118523621093242,0
186,-1.7600055316558505,-0.8669659542380477,0
187,-0.7065041806305379,-1.1267092235496026,0
188,-1.9332793752207946,-0.7010425854161381,0
189,-1.39431376056982,-0.9247435452388661,0
190,-0.874745723920751,-0.9606778040027252,0
191,-0.4679141768711771,-1.1252261428854453,0
192,-0.6695707123637158,-1.0584917481491458,0
193,-0.7082398111482511,-1.1742867519300066,0
194,-0.7760463324117347,-1.0690520182024759,0
195,-0.41843385101962294,-1.234227640359824,0
196,-0.8168444785670501,-0.9199287866957025,0
197,-0.5445946066324292,-1.2116953884666228,0
198,-2.454563445139385,-0.778260692762329,0
199,-1.5036792156397416,-0.6829853145804976,0
200,-0.4874934397474652,-1.2806239242439617,0
201,-0.5862925653060355,-0.7899715791662196,0
202,-0.7665741270613463,-0.8891732963035542,0
203,-0.8737183074342127,-0.9889798953044433,0
204,-1.614755222682477,-1.0157753447702973,0
205,-0.4625335849783784,-1.1238747258443373,0
206,-0.4272865220455999,-1.1516488181667852,0
207,-1.4349857859379296,-1.127295673907768,0
208,-1.6993630242784123,-0.6992566476676786,0
209,-0.9682132388102791,-1.2165952583393358,0
210,-1.7031773427113879,-1.0482371256646819,0
211,-1.0606861302317199,-1.0404977975538032,0
212,-0.6934713731840894,-1.1242416419006211,0
213,-0.5894683036068127,-0.8993331571909453,0
214,-0.7512470470818693,-1.4095774539632326,0
215,-0.41849659234273007,-0.9797422458572628,0
216,-0.7977094032633101,-1.0046601290002974,0
217,-1.6504416619000377,-0.8635807656331026,0
218,-0.9749886578776739,-1.0588850053475292,0
219,-0.8475419424301238,-1.0680338400715321,0
220,-1.5535273384384465,-0.7172024932711051,0
221,-1.3038354723039878,-0.8983297964139284,0
222,0.048877037836077,-1.235746795526884,0
223,-0.3607274529912079,-1.3202726481968947,0
224,0.6798818822875676,-1.0533743229364458,0
225,-1.3538430345385821,-1.0759111105292654,0
226,-0.23605631766581003,-0.9706984887292247,0
227,-1.6149934101765815,-1.0536060991237959,0
228,-1.527474889465501,-0.7084708341749009,0
229,-1.6106048395916819,-0.7789159742456808,0
230,-1.7941817449832322,-0.7022918893920569,0
231,-0.7035998740734587,-1.0606657682667524,0
232,-0.79037414611921,-1.0728358127438016,0
233,-1.1741806618457138,-1.0120219745208494,0
234,-0.24700624494502077,-1.183601719145572,0
235,-0.6018315946185379,-1.063279961968834,0
236,-0.8709147526029888,-1.2626041435650777,0
237,-0.6621810698615584,-1.0506478295080401,0
238,-1.3421448856199674,-1.1425993371308905,0
239,0.33271963495943924,-1.3286294320381948,0
240,-0.9983888682140583,-0.8565209323596501,0
241,-0.899774973801297,-0.8928626991587143,0
242,-2.3293069244588813,-0.6927577397926623,0
243,-1.610557654097756,-0.6941272595842913,0
244,-1.4118216553795695,-0.8405540507819408,0
245,0.682500409267509,-0.9111141467849478,1
246,-0.7589993405293362,-1.4626642404587487,0
247,-1.25016619302495,-1.0072542175970516,0
248,-1.74815983201932,-0.7487721458396488,0
249,-1.0875493541240568,-1.121392297539838,0
250,-1.441684118146219,-0.8315919952367424,0
251,-0.3836737358793214,-1.2552792800699422,0
252,-1.7854523324093352,-0.579364274732673,0
253,-1.1651610039121032,-0.9602032444866803,0
254,-1.2098553405260168,-1.1787845939463073,0
255,-1.471287948433382,-0.6566318884569791,0
256,-2.112937928277606,-0.9952711025105878,0
257,-1.3351491699527653,-1.1795237381488874,0
258,-1.158615786590442,-1.1370940541786954,0
259,0.05700556165219073,-1.5005577347573522,0
260,-1.2358491395079083,-1.2409173857825402,0
261,-0.29329725800686124,-1.21788233955541,0
262,-0.7499074576364487,-0.8715736093880736,0
263,-0.9734211496804004,-0.9114944915584189,0
264,-0.46022058760408713,-1.013241857836916,0
265,-1.6679615063536448,-0.8637047800211171,0
266,-1.9782488881649618,-0.6105334389746697,0
267,-1.3612173117239867,-0.9921135383783622,0
268,-1.0118026996942537,-1.265217745771447,0
269,-2.01580388611724,-0.7618876315534783,0
270,-0.22928929386515673,-1.330515188416485,0
271,-1.6739464132762347,-0.9805815223562722,0
272,-1.299970337411822,-1.082468127649169,0
273,-1.371449663585219,-1.0201492219611354,0
274,-1.2254694400468051,-1.011689247868629,0
275,-0.4126428519410952,-1.2087209644079557,0
276,-0.8041969615579255,-0.9504065481853202,0
277,-0.8728743013109833,-1.4280316827506807,0
278,-1.6372267153786053,-0.8457786942646452,0
279,-0.9721065878849002,-1.1203649224557144,0
280,-0.5134337241021352,-0.8901760544525954,0
281,-0.7819102526415814,-1.0459490211189864,0
282,-1.3455396044408445,-1.1081132054428553,0
283,-0.7709714531990135,-1.174492647791733,0
284,-0.8511739886512113,-1.0121737037952439,0
285,-1.8091115211442068,-0.8865185165401556,0
286,-2.5699314575149885,-0.5871839372196205,0
287,-0.4868455893961987,-1.054899674451851,0
288,-1.0842859574516643,-0.7234208116558059,0
289,-0.7877709759359566,-1.1149460500801234,0
290,-1.3871771449578574,-0.7020667993908876,0
291,-1.0783286829932814,-1.0229279665090816,1
292,-0.8233643915303699,-0.8829165698512791,0
293,-0.45265854680914686,-1.062714410972966,0
294,-0.44279434336348167,-1.4482962044922976,0
295,-0.4316462092492992,-1.2036792080688838,0
296,-1.0956654457703865,-1.1130978552185744,0
297,-0.8605700047281021,-1.014314225323807,0
298,-1.3088166094233329,-0.9756213464471084,0
299,-0.6810578012911053,-0.9065768650271249,0
300,-1.6013494316442447,-0.8437107202134646,0
301,-1.4630452475474027,-0.7018974708109469,0
302,-1.3823659070249725,-0.9283762215245336,0
303,-1.0675818861999944,-1.17878222435199,0
304,0.36766390411109473,-1.219113251857197,0
305,-0.8344720905188654,-1.3457800415919428,0
306,0.16489929440708573,-1.2811775180388367,0
307,0.15595359861548097,-1.573419577633718,0
308,-1.3457166440149158,-1.0932733323502954,0
309,-2.060346475997288,-0.8239322186248648,0
310,-0.8847469385191344,-1.192432348299753,0
311,-0.6988026990569121,-1.0883427480752124,0
312,0.29541604833653157,-1.2456788072709253,0
313,-1.1241855574422706,-0.7176207944124846,0
314,-0.694311870987733,-1.1452922589640413,0
315,-2.1273690964055962,-0.9003198387572088,0
316,-0.6639259805775011,-0.8517662364292928,0
317,-1.3959039528635242,-0.9863331008653715,0
318,-2.0509472140176603,-0.7613157878462824,0
319,-2.3460524887284757,-1.1131846843538793,1
320,-0.43135581884669005,-0.9858164078355646,0
321,-1.4894285495491197,-1.062514505151666,0
322,-2.079940353797501,-0.6484662654653537,0
323,-1.658548506818002,-0.8218509786373811,0
324,-2.4192734471481954,-0.8064957730225801,0
325,-0.7847252231690849,-1.2961008470923918,0
326,-1.8336822699020905,-0.8598469688903453,0
327,-1.2437752000187823,-0.7490537547591454,0
328,-1.1237107846786711,-1.2620913234384887,0
329,-1.6296540197347817,-0.9640719554721585,0
330,-1.396905756209403,-0.6961960918236395,0
331,-1.8740848464294655,-1.0840411608000247,0
332,-0.8076602053800994,-0.900673157399233,0
333,-1.3355682030796594,-1.1083236002230388,0
334,0.009541447674792813,-1.3860094393805955,0
335,-1.5745569568520437,-1.1061404932781977,0
336,-0.31382716685869116,-1.0454902275018767,0
337,-1.6581315354965152,-1.0690406504027912,0
338,-1.1268462374154735,-1.2323297521572207,0
339,0.1708318043003645,-1.108758288668834,0
340,-0.8363346554043396,-1.0022714631106004,0
341,-1.2471311991297478,-1.0683392393374123,0
342,-0.7783322862256219,-1.1606713340578323,1
343,-0.916418355722635,-0.8736795984317304,0
344,-0.38725644836681783,-1.1760846528795974,0
345,-0.171893169717503,-1.116197203542041,0
346,-1.0929333131840244,-0.9014963646982971,0
347,-1.1533172228325248,-0.8215342316669296,0
348,-1.141638462202636,-0.9353740718927892,0
349,-0.6138221636273857,-1.0959023919492172,0
350,-1.0304446975857517,-1.1240176307073046,0
351,-1.1185649936215991,-1.0991722849641679,0
352,-1.269727710617739,-1.0578368335081993,0
353,-0.6367741692473692,-0.8816381412575518,0
354,-0.841615154973061,-1.087558956902969,0
355,-0.7670846934737175,-1.1002627235455698,0
356,-1.542073102090079,-0.8656822906781043,0
357,-0.8081143218182061,-1.0576440518745442,0
358,-0.8853172730783139,-0.8362206255928448,0
359,-0.7509326370448112,-1.2089837120372362,0
360,0.2128267980346048,-1.0323346301622633,0
361,-1.1809055706045168,-0.7204795285570122,0
362,-0.585574367099335,-1.1183070908511628,0
363,-1.3329361326990297,-0.9708694409793188,0
364,-1.470330379539068,-0.8397188531501681,0
365,-0.8716688828121184,-1.1098165299040401,0
366,0.6509038174626025,-0.6403382596740353,1
367,-0.17944773715047746,-1.305918454782866,0
368,-1.083890641000903,-1.0866439482515344,0
369,-1.0450736392612294,-1.167622552496254,0
370,-0.6880188747486273,-1.171684124225054,0
371,-1.6157568364562163,-0.9284196466912636,0
372,-0.45863522934103584,-1.1436621557028563,0
373,-1.0954851703956763,-1.2486071026948307,0
374,-0.5269298427589434,-1.013502304253501,0
375,-0.3003514203143368,-1.0265322565467394,0
376,-0.8608831106563509,-1.1119244194457143,0
377,-1.170735850349328,-0.9919682685037519,0
378,-1.6413641346878276,-1.273709029674237,0
379,-0.4772652403358796,-1.0191110450126892,0
380,-0.9997228172150577,-0.9722923495546512,0
381,-0.2966722215579106,-1.3282065716058256,0
382,-1.7884855199621505,-0.7556607425805606,0
383,-1.476873675630302,-0.6873587229309184,0
384,-1.11157237035784,-0.7649683005476136,0
385,0.12027292067089834,-0.8995114086965196,0
386,-0.2606768448016106,-0.957329218958793,0
387,-0.8938652420489723,-0.8254239300822577,0
388,-0.3852230991083597,-1.3983509982585338,0
389,-1.5908785042917915,-0.9638071573758819,0
390,-0.8054970594034755,-0.9143025990363077,0
391,-1.6957627571201908,-1.1724807904530592,0
392,-1.4996104335677407,-1.1306886054754355,0
393,-1.7193387463625727,-0.8191961599834394,0
394,0.32751024124908956,-1.3529859073822368,0
395,-0.841834320574177,-0.9882911279151755,0
396,-1.3332581139667354,-0.8032903789030574,0
397,-0.49165563737697293,-1.0585794766984793,0
398,-0.9806136025702359,-1.0231238242348322,0
399,-0.4937627347326756,-1.2736850974486125,0
400,-1.2557250530417232,-0.898567555716713,0
401,-1.7947701611453688,-0.5727627990350574,0
402,-0.08841369905051699,-1.0344734880426658,0
403,-1.7753394082032483,-0.9507290368230253,0
404,-0.9609321395360131,-0.9799839764098065,0
405,-0.7826389031491755,-1.0513712954854169,0
406,-0.6269288746958528,-1.1108076447786606,0
407,-1.879768241950093,-0.8233739518192229,0
408,-1.0236681237423586,-0.8569758978361948,0
409,-1.604971135776693,-0.8404507389740501,0
410,-1.800373011836195,-0.9021268803720842,0
411,-1.4775693034522093,-0.9953169340974014,0
412,-1.1631519666430095,-0.8911501627708551,0
413,-0.627295537122927,-1.150604964753627,0
414,-1.4477326046665149,-0.9652379895920362,0
415,-2.4998549586599816,-0.6552944404947036,0
416,-1.8203205067599906,-0.7635531118693254,0
417,-1.1087716071773757,-0.8939502142859834,0
418,1.2146508297624263,-0.6365370731754179,1
419,-1.7591704909888315,-0.9340451471710524,0
420,0.10610548489254223,-1.4293193590513822,0
421,-0.8324799805049132,-0.9452268162996472,0
422,-1.320608123778852,-0.9391870021658592,0
423,-0.8670253842387188,-1.0778489219473577,0
424,-0.7535616058655605,-1.0347778873572548,0
425,-1.0011805800421874,-1.0530534248375745,0
426,-1.0885731394977953,-1.1886389539271354,0
427,0.11531837910434262,-1.1503561720292432,0
428,-1.263880974512927,-0.8427455231752061,0
429,-1.215751430011158,-0.9427912312321093,0
430,0.25685966825140305,-1.2187141622866036,0
431,-1.85772514568515,-0.8676106810218069,0
432,-0.6303876212664523,-1.0697870896334356,0
433,-0.5351130625363864,-1.112054680249808,0
434,-0.5423594904399227,-0.9927192330150644,0
435,-1.0446160369919268,-0.8536622919710939,0
436,-1.3552530491327237,-0.8046575092415601,0
437,0.7552326107559443,-0.97130366126058,1
438,0.319700520356357,-1.0490529095021748,0
439,-2.0149232329961073,-0.7020586156025977,0
440,-1.9314818528147506,-0.7319502782941922,0
441,-1.8941134243651434,-0.6395694162271395,0
442,-0.320902392397042,-1.0704711032946117,0
443,-0.9350738037038575,-1.083387431456381,0
444,-1.254126146214762,-0.8896203365495913,0
445,-0.7678758883776158,-0.9751194995769725,0
446,-1.5051670352022244,-0.9312445658718445,0
447,-0.5985846087216314,-1.353432814165623,0
448,-1.4048545137305894,-0.8885563993395263,0
449,-1.409195962206671,-1.1521432615036638,0
450,-1.0442544568173115,-1.3075581498360616,0
451,-0.8364298136895646,-1.1821622319959686,0
452,-1.680875403725962,-1.0087092623569143,0
453,-2.168421933371812,-0.529266604530102,0
454,-0.014222992135019541,-1.197356513450816,0
455,0.6527116001864735,-0.6564405794508636,1
456,-1.4063810220782262,-0.9259327807242891,0
457,0.045721638979043355,-1.2905260232678444,0
458,-1.3869973814682544,-1.4083971468269276,0
459,-1.0653981252788571,-0.856109968188264,0
460,-0.8734989992760376,-1.010087146884561,0
461,-0.9986005650184131,-1.2256863275725696,0
462,-1.1660249209565332,-1.0056513109311462,0
463,-1.242637330176971,-0.9036371343236129,0
464,-0.5280109425805626,-1.3265050372676221,0
465,-1.1288181010338127,-0.9855524642684017,0
466,-1.6350014042246293,-1.1051651676391046,0
467,-0.960233214396903,-1.1167761339998241,0
468,-1.7745322118543765,-0.7701680140735112,0
469,-1.394269198870587,-0.9822319085347428,0
470,-1.2234916478968036,-1.5387121293977881,0
471,-0.7484692497821622,-0.8389342020374113,0
472,-1.5730325523517434,-0.6090693297540948,0
473,-0.909884491720237,-1.1106470834267048,0
474,-0.9407277953385791,-1.2282098611745844,0
475,-0.9226964200216297,-0.9128089741830284,0
476,-1.2887668830016905,-0.7137441442599846,0
477,-0.820397800848607,-1.1087891213765193,0
478,-1.2788998360917359,-0.9959840773673093,0
479,-0.793016599413583,-1.0332140426830299,0
480,-1.837339075912964,-1.1738916911362312,0
481,-0.9366613068590566,-0.8857269811603135,0
482,-0.7909217094500336,-0.7955409633537724,0
483,-1.7528200986567921,-0.9412076821413685,0
484,-1.1834138191845434,-1.041551941681764,0
485,-1.2525559537852313,-0.9122991810124748,0
486,-0.8259489046628041,-1.0282309809294323,0
487,-1.3652640815228427,-0.812122777591838,0
488,-1.0516247012468867,-0.9895450899434781,0
489,-1.2726619357861402,-1.0348169777607357,0
490,0.37099797377393906,-1.0367728731653072,0
491,-1.6665125756709527,-0.6093013743088226,0
492,-0.43388008955921953,-1.043711222337398,0
493,-0.9728537271697603,-1.2692883942480342,0
494,-1.4183485906213091,-1.1069913171553478,0
495,-1.2625772925669922,-1.108412464877571,0
496,-1.2817263835444344,-1.1223896839186298,0
497,-1.5679881298702605,-0.7305077517786132,0
498,-1.67100436545942,-0.8861819474848316,0
499,-1.422831443895791,-0.7998609099841422,0
500,-1.2776772101495453,-1.1061533182130938,0
501,-1.428638376699058,-0.9351264203439312,0
502,0.1332706568050459,-1.1790151606410006,0
503,-0.9549584507082034,-0.9134839442198035,0
504,-1.0187715837828581,-0.6998785189498348,0
505,-1.0509992170989941,-0.9750915482978978,0
506,-0.8275926760132293,-1.2338621522633362,0
507,-0.5301316935080617,-1.4203922006808625,0
508,-2.762335609735816,-0.7391068199909795,0
509,-1.0704915477131074,-0.8756753023194683,0
510,-1.1094466685372906,-1.0203426373679076,0
511,-1.5328328505625948,-0.7149429529175394,0
512,-1.1220651753173114,-1.1253282959672555,0
513,-0.3520678649750182,-0.8245547934412384,0
514,-1.2821548835859722,-1.1696779204094532,0
515,-1.516031208754441,-0.5788950346315984,0
516,0.143680163553346,-0.8775375750546424,0
517,-0.5734836856965577,-0.9250423425333166,0
518,-0.40918089439516236,-1.0845156328238093,0
519,-0.4960175100662195,-0.9721792219232551,0
520,-1.7092832900964683,-1.0596857430186635,0
521,-0.4351934574524938,-1.206407249551043,0
522,-0.619988357394424,-1.143536050490667,0
523,-0.408635290598087,-1.1110002966782067,0
524,-1.700195893154242,-0.7296815098527958,0
525,-1.9497976932191694,-1.128884107891747,0
526,-1.2191470335449073,-0.8756599455528655,0
527,-0.8227255397288292,-1.1712980589895994,0
528,-0.3325099958102984,-1.1820557688788262,0
529,-1.3107287725620098,-1.0109237197461747,0
530,-0.9285573147226113,-0.9715813544935421,0
531,-2.1607765314789233,-0.7662131067576837,0
532,-0.6374450402653753,-1.149238659516101,0
533,-0.7769876960148102,-0.8977057337693994,0
534,-0.4118954959108413,-1.3206717146164804,0
535,-1.0457417843898147,-0.8641605540523604,0
536,-0.5654902733011835,-1.207758932338671,0
537,-2.181540306440043,-0.7039441604145908,0
538,-1.3710113487770346,-1.0045953505723064,0
539,-1.2300104631884654,-1.215864406620452,0
540,-1.3211253694401939,-1.0008954455063912,0
541,-0.8345819724922547,-0.8957597773757209,0
542,-1.025182066790696,-1.1045760442490056,0
543,-0.4996212892086904,-0.8650999215641889,0
544,-0.19634430674417236,-1.3070561738004576,0
545,0.32101570394340895,-1.040882536478835,0
546,0.561059916002844,-0.7593411440227162,1
547,-0.35140195907454874,-0.9419355427773296,0
548,-0.6697578004410631,-1.149225843527203,0
549,-0.007786147716016822,-1.1559194297622,0
550,0.6634362733136441,-1.164047524862354,0
551,-0.8299134388583372,-1.1609959548797546,0
552,0.030675023503917265,-1.189214935663208,0
553,-0.703242262348585,-1.0841453677424377,0
554,-0.7875700409351889,-0.7146947035382127,0
555,-2.554735271806791,-0.7221881886059784,0
556,-1.4158041592699078,-0.8950761449403536,0
557,-0.1469380604343623,-1.2160890588753164,0
558,-1.0695468403627348,-0.9231480408510883,0
559,-1.1599065468282925,-1.0185259409489402,0
560,0.1049129143659644,-1.1829331128066642,0
561,-0.30411764773559746,-0.9874667284895927,0
562,-1.5903238579183365,-1.0179594803398793,0
563,-0.682449157160745,-0.9780143655769385,0
564,-1.3081366340081326,-1.0019099348301097,0
565,-1.0735968247689798,-0.9394895862936514,0
566,-1.4463716472972608,-0.6819356234165799,0
567,-1.8184854515088187,-0.8036641943946452,0
568,-1.3508711353939789,-1.0538363245492584,0
569,-1.4857769188943704,-0.6255370546009797,0
570,-0.8903712085496834,-1.226191965318824,0
571,-1.353842521178557,-0.7373788578687862,0
572,-0.6096684867417497,-1.003112388344829,0
573,-1.1239700428835744,-0.9160188682860007,0
574,-1.9210751490779123,-0.9912412438826224,0
575,-2.0182508622018127,-0.9629248073427813,0
576,-1.379926271754038,-0.8122737231239157,0
577,-1.7661577638417092,-0.7438805123772001,0
578,-2.057129062747655,-0.6829913918884329,0
579,-0.7798050106121502,-0.9313686934873057,0
580,-0.15456984767087,-1.2375562428197575,0
581,-0.6940599740098823,-0.8838084400896946,0
582,-0.5334726360909586,-1.1647755640953525,0
583,-1.293735932868425,-1.172908264058755,0
584,-1.1633022299165536,-1.0020896160482349,0
585,-0.802756682227915,-1.265058675504847,0
586,-0.07288339122057308,-1.0059009533697592,0
587,-1.8002402893746587,-0.9952386964379386,0
588,-0.5407307154405382,-1.1971409111527778,0
589,-1.7985219016733582,-0.8067693132857225,0
590,-1.0809482197573488,-0.8418483017497332,0
591,-0.4561782517406141,-1.0151298941084395,0
592,-0.6660383721566405,-1.1706386874723458,0
593,-0.5764790283247585,-1.08833543122247,0
594,-0.9583439815397259,-1.0645437684324155,0
595,-0.7653910821988336,-1.0084808954195814,0
596,-1.6284440842708645,-1.1091671145227109,0
597,-1.4831237564385407,-0.8921578174149102,0
598,-1.1377343813325855,-1.2750981727259008,1
599,-1.14467021409824,-0.8346668946722111,0
600,-0.737125024184737,-1.1717759161399945,0
601,-1.4233139707941806,-0.9544136034337468,0
602,-0.2767215992954144,-1.2079625718548432,0
603,-0.26311645470567846,-1.428550135765682,0
604,0.7019559134309088,-1.382577873580374,0
605,-1.4674022733826748,-0.8566568810812949,0
606,0.13204762155704008,-1.0009070697658773,0
607,-1.4453727833150707,-0.7525748824575182,0
608,-1.5230093001459382,-1.0003405694022471,0
609,-0.47047906241272175,-1.1048168098802074,0
610,-2.0373212168674177,-0.600370846872122,0
611,-2.184391055284199,-1.3763727456976373,0
612,-1.8521112896207546,-0.8521168011348776,0
613,-2.2993335280809464,-0.7817884849536141,0
614,-0.9223354398778955,-1.0391057968201995,0
615,-1.5833444065097446,-0.9521918139734479,0
616,-1.2527863656275935,-1.0099550052866741,0
617,-0.6020918227011198,-1.0389194188559558,0
618,-1.5531084433072744,-1.2774981339971412,0
619,-1.4731479299745813,-1.226033314490724,0
620,-0.9512195758088037,-1.2395872343133802,0
621,0.39353584209615144,-1.0707822872448962,0
622,-1.8508816791313842,-0.6334576854986511,0
623,-0.583457065638488,-0.8900424530476743,0
624,-0.7232169093875591,-1.2202163935688364,0
625,-0.4163803678314536,-1.0941775361159944,0
626,-1.3114259011717024,-1.0586923390559164,0
627,-0.652071125296853,-0.9614720547775552,0
628,-1.095954818941926,-0.8881895107536951,0
629,-1.3840223381383905,-0.6819617315365565,0
630,-0.6918184117394256,-0.6921862535378844,0
631,-0.4252968192756704,-1.1240179132028336,0
632,-1.8056405245185323,-0.7924135429519419,0
633,-0.9615234665364218,-1.0700686888676516,0
634,-1.2847307440155902,-0.918944981638286,0
635,-0.8992046186273082,-1.073085158566654,0
636,-0.18385819908841183,-1.1409322616437276,0
637,-0.5723555166228982,-1.0944378005559798,0
638,-0.8096226281003462,-1.1691800730273425,0
639,-0.026827943500525198,-1.3496878154522174,0
640,-0.40291446839373624,-1.0709543326013367,0
641,-1.6510032750196415,-0.9329385920692677,0
642,-1.8282153932535474,-0.7918010089418039,0
643,-0.0861853760455712,-1.3997299258519162,0
644,0.2788363692850253,-1.0797521542943385,0
645,-0.4023796751396207,-1.0112688633824118,0
646,-0.7897750721050718,-0.9312690224893909,0
647,-1.5624799460198902,-0.9737611120526396,0
648,-1.8166326503506411,-0.7838326611649097,0
649,-1.2176591701549135,-0.9681567465690644,0
650,-1.81503467903578,-1.089497909501789,0
651,-0.40918473053729953,-1.120941243369536,0
652,-0.6536480108805742,-1.1401238424267501,0
653,-1.6866437905098866,-0.9031598649927826,0
654,-0.27208173216744336,-1.050749962246906,0
655,-1.5994791686983985,-0.8495856805451887,0
656,-1.2250419186417234,-1.1247488753347887,0
657,-0.6210987757219704,-0.7610759474260247,0
658,-0.7482111634311591,-0.8393888047591151,0
659,-1.2829525162697901,-1.1370641760663784,0
660,-1.7659247580999897,-0.7755272977809835,0
661,-0.719849913550161,-0.9740855987825301,0
662,-1.315499916663681,-0.9863591005914683,0
663,-0.9867233615013643,-0.9999938187357836,0
664,-0.6723432521049694,-0.837583599835094,0
665,-0.46627466657256855,-1.0751728443538446,0
666,-2.6117707543012485,-0.7691460466806663,0
667,-1.5053145985685457,-0.9205841146397489,0
668,-0.7009299570306858,-1.2358331669503242,0
669,-1.8071786128088503,-0.9452318989581041,0
670,-0.7578507002838039,-0.8918018027185513,0
671,-1.3377053151514047,-0.7845178902088445,1
672,-0.2609946762830039,-1.2312103354345616,0
673,-0.5952259006265048,-1.3540514251965492,0
674,-0.6063429418889204,-0.981431218605258,0
675,-0.7573863794660094,-1.0100995955583973,0
676,-0.427035143630318,-1.1887523475474744,0
677,-1.4756695154960175,-0.9451799060679591,0
678,-1.5305509570479772,-0.5617807314403305,0
679,-0.8104487004522987,-1.287264594460689,0
680,-1.5827225746347038,-0.7613156524283504,0
681,-2.3824972040163646,-0.7301463237949628,0
682,-1.1727475660223394,-0.8340672295108496,0
683,-1.1610966553480915,-0.9017852484239248,0
684,-0.588757790924271,-0.9663919416784859,0
685,-1.4189253526156005,-0.9459889130945518,0
686,-0.47708907387343213,-1.0677182091897122,0
687,-0.40707972282211036,-1.2589847834707697,0
688,-0.9998007265042687,-0.9685681674373703,0
689,0.43882114304736963,-1.2367486520925628,0
690,-1.633971271682317,-0.9397562414436887,0
691,-0.4025246117364688,-1.2529484059842029,0
692,-0.7720881066491263,-1.0307738980448966,0
693,-1.804287907085401,-0.841403022582972,0
694,-1.0418172316057999,-1.0422026258357668,0
695,1.453906625525045,-1.2878828690285697,0
696,-0.4512925563402925,-1.1251024373326177,0
697,-1.911271889670781,-0.7342553781559487,0
698,-1.6908646391214646,-0.9653185828305536,0
699,-1.1593411306030725,-0.8766685382825119,0
700,-1.6011786569245094,-0.7350365943665085,0
701,-0.6582559649142854,-1.2009383606333734,0
702,-1.1320759726365772,-1.0385667380971952,0
703,-1.4414792141407278,-0.9600590036702887,0
704,-0.9820388347355704,-1.1880304780674706,0
705,-1.2089913049105954,-1.1445026035795103,0
706,-0.34497305285601354,-1.2180643906487445,0
707,-2.297484526833315,-0.7933242570004998,0
708,-1.540304161085574,-0.7325322758712836,0
709,-0.0504254051236942,-1.4357273754483517,0
710,-0.6488015536635519,-0.9383539055209226,0
711,-1.8346265345618173,-0.9010437749896392,0
712,-0.13047429782039166,-1.2050391425107,0
713,-1.2437393495529867,-0.7786424275287631,0
714,-2.2418974208988027,-0.7105934361087263,0
715,-0.30391953021184925,-1.1517976837956505,0
716,-1.527180044456924,-1.1291098163253546,0
717,-0.181890038865954,-0.8964458940978641,0
718,-0.9676924670296809,-0.8223463835313771,0
719,-2.184139459157864,-0.6783101231659967,0
720,-0.863250238755396,-1.1097946815095419,0
721,-0.3255371610501161,-1.1727785752083881,0
722,-1.0028142024232545,-0.7168201425192879,0
723,-0.2807318678808596,-1.062016834977014,0
724,-1.8904807086623436,-0.6281857261694231,0
725,-0.9411107344680159,-1.1700258698794295,0
726,-1.7107097787296823,-1.003641193246555,0
727,-1.017447108392341,-0.9976445572983066,0
728,-0.5432361749581676,-1.1473291723091907,0
729,-1.1501157314959496,-0.9983327705420147,0
730,-1.1326086532920647,-0.802858568292832,0
731,-1.8547175666295437,-0.679982422807407,0
732,-1.4283642023915804,-0.7301076969644058,0
733,-1.2587080875971626,-0.751227135081328,0
734,-1.6315883072546726,-0.6157533888687856,0
735,-0.5520238625373837,-1.0984498267285179,0
736,-0.7906305850441289,-1.2218363289801908,0
737,-0.5274562930138847,-0.9030405677872486,0
738,-1.1190389239697922,-0.7286665978830853,0
739,-0.6084495667166541,-1.0215243356593675,0
740,-0.9906090227756783,-1.0855855117260735,0
741,-1.667794057136547,-0.905715295839026,0
742,-1.074279206512179,-1.2360934642471804,0
743,-0.9901940604500377,-1.2782247686763657,0
744,-1.3784082912446594,-0.7239180983578145,0
745,-0.7474775050507436,-1.0495346103767875,0
746,-0.49160089172891075,-1.3801307642833012,0
747,-0.8957199483283493,-0.6617737192507711,0
748,-1.3641812163158098,-1.0500808099090293,0
749,-1.5178001021242733,-1.0377596244682958,0
750,-0.437879118856205,-0.7975962853138086,0
751,-1.175016083059793,-1.0148705478049553,0
752,-1.0228605987176491,-0.9417570248221693,0
753,-1.4026662956392162,-0.9464037756525359,0
754,-1.0249156247393865,-0.858820595799111,0
755,-0.24643552768256272,-1.1975104288553011,0
756,-1.2815787821549867,-0.7065911362821895,0
757,-0.04084183542338882,-1.143670412591081,0
758,-1.384043472983263,-1.2160119275465855,0
759,-1.73926908781175,-0.831015255781334,0
760,-2.0759037758353323,-0.9784495432705976,0
761,-0.7297437722026793,-1.0634490057326091,0
762,-0.8344060319709283,-0.8620894894095448,0
763,-0.30212997326866475,-1.085439218013235,0
764,-1.262867997963745,-0.9280362880073426,0
765,-0.7828350259429039,-1.0022248875673017,0
766,-1.065538114415272,-0.9653425810573695,0
767,-0.12985642797085806,-1.2437966982613673,0
768,-1.0098069531770542,-0.9866338007535782,0
769,-0.41305019300772117,-1.2182020941283553,0
770,-0.14482617829286681,-1.1629868500547134,0
771,-0.3879508838557566,-1.2197212193940978,0
772,-1.9286447191625675,-0.7693724166757543,0
773,-1.8661357577076603,-1.0058111817619095,0
774,-1.6365131957658952,-0.8185335332268029,0
775,-1.0939842553295895,-0.9876659952411699,0
776,-1.5664929630681375,-0.9283743826327869,0
777,-0.8154936639867683,-0.9850135110064451,0
778,-0.8899971596402942,-0.9461971763324635,0
779,-0.23262531366050365,-1.0396598057728301,0
780,-1.8664974953681164,-0.5275594514636657,0
781,-0.9415423180158056,-1.1278399815968876,0
782,-0.26912376682359884,-0.635447389292189,0
783,0.3676214698426752,-1.3679384325072115,0
784,-1.8348005367081555,-0.5527183465832796,0
785,-1.612471728810561,-0.5674658741168783,0
786,-0.2573089951720008,-1.3840609132169088,0
787,-0.2156655883055002,-1.2195164993444407,0
788,-0.8466941519304488,-0.6382524324394949,0
789,-0.9597047858530543,-0.8167966541732519,0
790,-0.8915312010843185,-0.6642121933484788,0
791,-1.1159833683542184,-0.8944406702012692,0
792,-1.1285670651219057,-0.9638529662023768,0
793,-0.7684747937362493,-1.1396477604910167,0
794,-0.5052861069190424,-0.9441554483574675,0
795,-0.9675564058932855,-1.196814895269297,0
796,-0.927530223433897,-1.0404732734258313,0
797,-1.3299030193039536,-1.0920762896769474,0
798,-0.9726705782277062,-0.7698664915661532,0
799,-0.00038681518629157807,-1.2788184642146843,0
800,-1.261280826660752,-0.9180769743600132,0
801,-1.9366065060173454,-0.719872422717964,0
802,-1.5362250755289053,-1.074904048985339,0
803,-1.1960183894114287,-1.1839567357001897,0
804,-0.3395734344430823,-1.117709650714588,0
805,-0.7736401218182589,-1.011822123698747,0
806,-0.9562553999071124,-1.2261644460943053,0
807,-1.2253614417300156,-1.0311459845982427,0
808,-1.409738181589041,-0.7329524761090556,0
809,-0.23365566301914553,-1.2173187812513913,0
810,-1.409396811384111,-1.0231525441381069,0
811,-0.20939760209000857,-1.3963109586490727,0
812,-1.2373046067377662,-0.9666839626056871,0
813,-2.626518240600415,-0.9523976937015723,0
814,-0.1596249568728696,-1.1830875834356451,0
815,-0.9133021337300743,-0.7373854899986368,0
816,-1.1315486034562354,-1.0378277903724165,0
817,0.4567768525009306,-1.2717378214994923,0
818,-0.9863036425936744,-0.9307437311615319,0
819,-1.7727484879404531,-1.1534459374342583,0
820,-1.027413182302202,-0.9502203130607413,0
821,-0.8920164412322393,-1.0280454038092395,0
822,-1.3032425800626293,-1.02876860660894,0
823,-0.45898064377943437,-1.0622254981382218,0
824,-0.6534411931883594,-0.8767288016618198,0
825,-1.8441806286438873,-0.7442655734122883,0
826,-0.5426883245440737,-1.3543464340725189,0
827,-1.3818676016745257,-1.0826209281834784,0
828,-1.088943758255161,-1.0286573415135973,0
829,-2.391460067556474,-0.8500278240197667,0
830,-1.1827628046531555,-0.8083619250433731,0
831,-0.7910211466180384,-0.9551699131599706,0
832,-1.3155653235140838,-0.8291647504511845,0
833,-0.9501883690833774,-1.3225574829451023,0
834,-1.437338325272457,-1.0797347305320277,0
835,-0.06593534707263748,-1.1327773223675976,0
836,-0.9638448609372359,-0.8455817273612068,0
837,0.14852705794439136,-1.3296803921920426,0
838,-1.1898953769019875,-1.0808090469159568,0
839,-2.061091778243833,-0.7594924298531122,0
840,-1.330792607988072,-0.9657437479287452,0
841,-0.8287065053479878,-0.777259474818883,0
842,-1.0222696937297089,-0.8432414491316182,0
843,-0.7690400783340454,-1.1842193005167898,0
844,-1.1749312861973673,-0.8168100751942788,0
845,-1.0896556974926859,-1.3921101270649876,0
846,-0.3768977043504014,-1.0377903620842401,0
847,-0.7201696598461749,-1.1170777796476181,0
848,-1.3590340978798476,-0.9163830543556117,0
849,0.13073628278977223,-1.117692320552914,0
850,-0.8691889468930003,-0.7487424591754334,0
851,-0.6435607722081904,-1.2740045244343785,0
852,-0.8328433761292431,-1.1520735543475804,0
853,-2.0360920903356354,-0.7703940072769395,0
854,-1.8585541764328282,-1.1585460753257366,0
855,-0.44794180949775586,-1.0906544538543248,0
856,-1.0904584150099292,-0.9623249854856634,0
857,-1.2458004836539185,-1.1029129262275288,0
858,-1.8650599630099538,-0.7235856228735082,0
859,-1.3324538385542126,-1.0930172856148606,0
860,-1.6299160399260493,-0.7436485508410203,0
861,-1.9536322194279476,-0.4811378909785575,0
862,1.4126712217712054,-1.217122235955575,1
863,-0.5527565480095924,-1.1545874654078696,0
864,-1.0681120228929226,-0.8979329437243478,0
865,-0.9273424675242489,-0.9661322840000337,0
866,-1.4807230612263844,-0.825892660611359,0
867,-0.10016750298208732,-1.088530866099355,0
868,-1.1685592136873464,-0.9344003537481211,0
869,-0.7317493002283131,-0.8388095851947664,0
870,-0.5872993621588591,-1.0846585410599485,0
871,-0.9300617236273865,-0.9251759092871952,0
872,-1.5312612810386776,-1.0090627913106875,0
873,-1.4068843445718828,-0.949678476054328,0
874,-2.141517067816938,-0.6182263800435671,0
875,-1.1859160705664473,-1.2311433529122413,0
876,-0.888809028057084,-1.1081019998827162,0
877,-1.0670785475926519,-0.8041446892197179,0
878,-1.212459231182001,-0.9424144913319038,0
879,-0.9368938137814062,-1.108629834553245,0
880,-0.8984044385864127,-0.973643358732577,0
881,-0.5039637125471739,-1.1126907738716463,0
882,-1.9979450027854175,-0.6931571535717242,0
883,-1.0909857837795554,-1.1650358829283236,0
884,-1.432250343113721,-0.7959141929516453,0
885,-0.14620467139683757,-1.1194542846191355,0
886,-0.09434904056718585,-1.0649945477471128,0
887,-1.0261493412108007,-0.7484329726826091,0
888,-0.6646651489267329,-0.9367877533021401,0
889,-0.9600688147929208,-0.8874267560807991,0
890,-0.9486912499258859,-0.9670085724764058,0
891,-0.8501980784637182,-1.0978652661742982,0
892,-2.067303769139854,-0.8394768567942055,0
893,-0.9965417493669818,-1.0393300383045156,0
894,-0.9055791983184107,-0.6607918667590906,0
895,-1.2989091690230885,-0.9291556471576703,0
896,-0.08876627640639512,-1.273617831114215,0
897,-0.9724612582134678,-0.726282286682237,0
898,-1.1116973828792664,-0.8732375313164676,0
899,-0.9805234586481117,-0.9411496062657965,0
900,-0.8407366431620977,-1.2054939658755588,0
901,-0.34478904462399707,-0.9165882228827054,0
902,-1.683855414554157,-0.9551026768493666,0
903,-0.501075141502092,-1.1774201377719118,0
904,-0.20165720922562202,-1.1978476236887385,0
905,-0.858943479874559,-1.2764206712240274,0
906,-1.1309229245502452,-0.7261281880519865,0
907,-1.3119456259680757,-0.9792159156518255,0
908,-0.17160450893261203,-1.3464173952627871,0
909,-0.5765063970322511,-1.0403931672972155,0
910,-0.41821944630474706,-0.9174401228844546,0
911,0.3639545990355648,-1.1906327904313405,0
912,-1.5445777065674569,-0.6436780902182543,0
913,-0.9680438355942906,-1.100007095035131,0
914,-1.3232601271553,-1.2266341398712504,0
915,-0.3400131012173555,-1.096273530549509,0
916,-2.0091955732492823,-0.6385906804091847,0
917,-1.1356652997195917,-1.1084719104951362,0
918,-1.2161448271359174,-0.9701953834564429,0
919,-1.9527132506925835,-0.8485997677864526,0
920,-1.2778484161378558,-0.9574285003769866,0
921,0.4248292032740313,-1.2534481868294856,0
922,-0.21538356068480624,-1.3431038827016368,0
923,-1.3556263335631313,-1.126731750329029,0
924,-1.086508641493224,-1.0773039289075068,0
925,0.17008935036785866,-1.20339067099253,0
926,-0.7682496334703942,-1.1918193462529014,0
927,-1.5000943334102317,-0.9851503538947729,0
928,-1.1809567430542958,-0.8484210624852057,0
929,-1.2339297495077384,-0.9428064128142781,0
930,-0.3838091300465909,-0.911793203197697,0
931,-0.7576273800557359,-1.117183260083936,0
932,-0.6699485694333336,-1.1448597615160452,0
933,-1.7143140284187663,-0.9906712264752501,0
934,0.2965975649192123,-0.8973239878639926,0
935,-2.102425371391977,-0.6048203717467062,0
936,-1.5695324276687492,-1.0715015349471173,0
937,-1.9697887446117428,-0.7466220470389031,0
938,-1.020986582368394,-0.8453279640275934,0
939,-2.1264542138449447,-0.7629027350277039,0
940,-1.184581875404444,-1.0133636186382724,0
941,-1.5369403753690025,-0.9914581168666526,0
942,-0.7561260201771504,-1.3571924865028326,0
943,-1.0583024259191813,-1.01000011089859,0
944,-0.8346353224641474,-1.13864602776003,0
945,-0.5823456146319614,-1.19034863245228,0
946,-0.3990768271010795,-0.9645680952358086,0
947,-0.9921205636150636,-1.159957052548127,0
948,-0.004925545727881175,-1.1145923762129355,0
949,-0.24390579953686164,-0.9782580441738341,0
950,-0.10237611510484079,-1.0526982113761658,0
951,-1.1292110403982754,-0.9334632328403445,0
952,-0.26978119734448813,-1.2582406587127613,0
953,-1.0743138526447154,-0.705766673170551,0
954,-1.9588314659313841,-0.9924960089251564,0
955,-1.8967059100198065,-0.7823199078311225,0
956,-0.730119945049345,-1.2140785091551614,0
957,-0.08109292301021842,-1.2739318711807819,0
958,-1.1410022053738427,-0.8365765641513558,0
959,-1.2028831014604549,-0.9589309660400931,0
960,-0.9055436844341925,-0.9657061594708625,0
961,-1.4076755669335932,-0.914552684325298,0
962,-0.5634355302225806,-1.1857158614513834,0
963,-0.04510549907024364,-1.2262652704277066,0
964,-1.0542943619249032,-0.7062258639122359,0
965,-1.09475333767679,-1.0342179422657234,0
966,-2.2188828404715424,-0.5748618375905477,0
967,-1.8048087847577727,-0.8541025969977846,0
968,-1.7863239340787795,-0.9787001587458015,0
969,-0.9767777131326181,-1.0423900652583287,0
970,-0.7719568538700495,-0.9443328184094215,0
971,-1.3488112139320494,-1.1075155478708125,0
972,-2.0902039779759995,-1.0333331031484763,0
973,-0.7348583989939019,-0.9144989832519574,0
974,-0.7418545938403559,-1.0135485281665009,0
975,-0.9110561050305307,-1.1918219763596491,0
976,-1.396364597461932,-0.9531356222174366,0
977,-2.2609755210015425,-0.7318753490948358,0
978,-0.33287559036933645,-1.1641068504457346,0
979,-0.7645002563741998,-0.9900072922897597,0
980,-2.3871198590112512,-0.6670678156802274,0
981,-0.19652374448119192,-1.240348056801849,0
982,-1.2587457176787644,-0.9755814894933954,0
983,-1.0370206428096305,-1.012770925492266,0
984,-1.1651472724687164,-0.88750169645778,0
985,-1.243353547096893,-0.6195691242261818,0
986,0.5782068901870252,-1.0003404729227132,0
987,-1.0799886304234096,-1.044275796441734,0
988,-0.4220694185844831,-1.2703712744431377,0
989,-1.5560922986926,-0.9878124557611379,0
990,-0.7846555869097285,-0.9594430389478491,0
991,-1.2591088674459674,-0.955820613270416,0
992,2.0353101691528925,-1.7135092568183259,1
993,-0.31841530094722215,-1.1912132241681634,0
994,-1.623429847197392,-0.862981253398972,0
995,-0.6911222441467615,-1.068271229262347,0
996,-1.1097788346970345,-1.237450103178318,0
997,-0.9761724618702425,-1.1954652460553752,0
998,-0.5554139385479537,-0.9430007326464874,0
999,-1.6622157173816776,-0.879911839960689,0
1000,-0.05883910074676901,-0.9962348714113928,0
1001,-2.293632945546009,-0.8826849732621779,0
1002,-0.3610317558084606,-1.1138624179907755,0
1003,-1.4490697423651993,-0.826063276461384,0
1004,-0.35589626313816836,-1.1910556132913117,0
1005,-0.823668717926999,-1.0034636581286411,0
1006,0.16173726913313025,-1.2557169673167627,0
1007,-1.0948682157750402,-1.0138194361695452,0
1008,-1.2692189735061068,-1.3858626528191742,0
1009,-0.7999761716194675,-0.8801792314498076,0
1010,-0.2827082317551267,-0.8807939171932551,0
1011,-1.541652184347312,-1.0615071096331632,0
1012,-0.3290640910618935,-1.4734806897944404,0
1013,-0.3215206570051379,-1.4476082446460574,0
1014,-0.548078560711809,-0.6951929410741544,0
1015,-1.1225829245737131,-0.7285465318630132,0
1016,-1.5728264521895532,-0.8458530179642454,0
1017,-0.25534991249150363,-1.044010397011243,0
1018,-1.5119844324417566,-1.052521712563471,0
1019,-0.2935614926110278,-1.2931559556151924,0
1020,-1.0473825795744984,-1.0704128878475987,0
1021,-0.7597397415824205,-0.9802535499104609,0
1022,-2.673565524145402,-0.5735849747843027,0
1023,-1.1655140816622482,-0.8348756720024478,0
1024,-1.4240288390780984,-1.1943189549744122,0
1025,-0.5314336666372743,-1.2791849977649656,0
1026,-1.0077037562919395,-1.1404544114927873,0
1027,-0.6576091922607354,-1.0721965728624634,0
1028,-0.7372019568824147,-0.8985667524196421,0
1029,-2.135003334298181,-0.937186900582241,0
1030,-0.6091300613079478,-0.831875254481476,0
1031,-1.4295187980261619,-0.8251333053887792,0
1032,-0.15787435041024567,-1.226726393374316,0
1033,-0.33650058056193666,-1.1294476666535243,0
1034,-1.1680869684878052,-1.0963907903394925,0
1035,-1.0544383660882881,-0.8690233930056751,0
1036,-1.8508838775246912,-0.8392677941347556,0
1037,-0.377406565092798,-0.893439456574868,0
1038,-1.1894731287016855,-0.9645646086150276,0
1039,-0.7645834790637807,-0.9080481129307634,0
1040,-1.7271363164231404,-0.9062327032963977,0
1041,-0.8599245292329296,-1.2116498689024426,0
1042,-0.34733317249029283,-1.2848808527180084,0
1043,-1.3345556776125398,-1.001854373262485,0
1044,-0.5804437898208723,-1.3332689627819811,0
1045,-1.455577118198335,-0.8968895628900465,0
1046,-1.2440209892141927,-1.0256307166255711,0
1047,-0.7371197886828813,-1.1114490238077204,0
1048,-1.6176248635319137,-0.8900256679730045,0
1049,-1.5456996887084382,-0.8625014263009846,0
1050,-1.4674548769235352,-0.6976341192110795,0
1051,0.11971277351269816,-1.1818751893489043,0
1052,-0.5186742265413897,-1.0960945176770118,0
1053,0.29561594422904225,-1.183242257299999,0
1054,-0.371525079184839,-1.061605147317561,0
1055,-1.0961348871475416,-1.0998364420484588,0
1056,-0.760549440448446,-1.124982647827834,0
1057,-1.011606094991293,-0.8003285232434421,0
1058,-0.7388718866247067,-0.819981822170277,0
1059,-0.6759985480073148,-1.0572497500442795,0
1060,-0.7398027098835821,-1.182396203035203,0
1061,-1.1925194612462442,-1.196541194009023,0
1062,-1.8327707114306937,-0.9579300965746699,0
1063,-0.8247850475633464,-1.0441948624706505,0
1064,-1.244477003890864,-1.1012508293431005,0
1065,-1.0311520313016334,-0.9889573231728332,0
1066,-0.7054180454185182,-1.0886624379299183,0
1067,-1.2379103396649291,-0.6299078968210288,0
1068,-1.1024832339429722,-0.9172458389961253,0
1069,-1.7592941404547806,-0.612185398436379,0
1070,1.2711969111912191,-1.2923367136190913,1
1071,-0.8945200796154363,-0.8475085917863152,0
1072,-0.7195953948320535,-0.8759966931383448,0
1073,-1.6106898343065836,-0.8207980233383412,0
1074,-1.110914403006833,-1.1397835723748113,0
1075,-1.404205854568165,-1.1964589813206514,0
1076,-0.8487924492234882,-1.1040343555370797,0
1077,-1.8246020948122013,-1.0907050432463692,0
1078,-0.5999737341465436,-1.2246531463785544,0
1079,-1.2091797793014103,-0.9920305960590584,0
1080,-1.8292504343922502,-0.7162541438679477,0
1081,-0.2290865464006121,-1.3120403750384617,0
1082,-0.6406969665697327,-1.0945195707349138,0
1083,-1.1701455936506353,-1.0042102472051548,0
1084,-1.0437286996444388,-1.1390316015598454,0
1085,-1.091945546521319,-0.7481259201605976,0
1086,-1.2317546260592496,-0.9908593675223072,0
1087,-0.43458986372896724,-1.029413067707234,0
1088,-0.5156172296855218,-1.2921568864005797,0
1089,-0.8678079707230492,-1.0260909465502648,0
1090,-1.2722761372345528,-0.8251701906993898,0
1091,-0.7342335727893229,-1.021964235693856,0
1092,0.48212621922629606,-1.217807073488458,0
1093,-0.9896171047568733,-0.8889135235506074,0
1094,-0.840921455427166,-0.7958427845067608,0
1095,-2.7044077787518983,-0.606091007082537,0
1096,1.0160065060590724,-1.3199471411893258,0
1097,-1.7264515038432084,-0.8954517211687216,0
1098,-1.1844094820367967,-1.0196474767202786,0
1099,-0.5865476367120468,-1.1821732661626405,0
1100,-0.38711602858776506,-1.1457496141270493,0
1101,-1.7266145337980978,-1.0783173440410654,0
1102,-1.8929937010419655,-1.077801254673453,0
1103,-0.6785500350566321,-1.0909534869845348,0
1104,-0.5437912389162409,-1.270503028327182,1
1105,-1.712003784143122,-0.7957426543464556,0
1106,-1.06496539440634,-1.0666925768844666,0
1107,-0.4660142775144456,-1.258063983376732,0
1108,-2.126287384115169,-0.9088672350196129,0
1109,-1.9064324859079342,-0.8459926966091822,0
1110,-1.0520384621867074,-0.7416371114714067,0
1111,-1.3059144008096342,-0.8953473723956298,0
1112,0.8947950314275933,-0.9060654450503371,1
1113,-0.09551327851503588,-0.9446569839753418,0
1114,-0.08755427008275651,-0.7907677715498254,0
1115,-0.223482890528234,-0.8642430452005925,0
1116,-0.5195362045572905,-1.1865390002735956,0
1117,-0.7063154203553719,-1.0077928435516506,0
1118,0.2360228341072259,-1.382516772126381,0
1119,-0.82484174674003,-1.1611724795581915,0
1120,-1.1937368955254442,-0.8289746320575592,0
1121,-1.946958522373969,-0.9638111839330479,0
1122,-0.603701145225942,-1.1247566005101635,0
1123,-0.8229602703308692,-0.8533345217696546,0
1124,-1.1949991843060999,-0.993510701245957,0
1125,-0.7824184071723,-1.00880502473679,0
1126,-0.3731724761866698,-1.099405287964006,0
1127,-1.3737113287004248,-0.897741660824938,0
1128,-1.8965113942583698,-0.7815877141552828,0
1129,0.5995487069028282,-1.2474109042178627,0
1130,-0.6328625205814278,-0.9039513596025199,0
1131,-1.2710663630809178,-0.9513395799838192,0
1132,-1.422362410333921,-0.8097069000835304,0
1133,-0.6423500510388506,-1.3224119883555217,0
1134,0.039339353100565466,-1.4468337245694072,0
1135,-0.8589629694849061,-1.2520610948489568,0
1136,-1.0892644261791316,-0.9050652828973589,0
1137,-0.16469112039114664,-0.9708028561942554,0
1138,-1.4250778697262512,-0.7969369031225265,0
1139,-1.4829907382042515,-0.9057421813100158,0
1140,-1.1098326208305676,-1.106686168348218,0
1141,-1.603753938067142,-1.1351690259828966,0
1142,-0.7550608531929831,-1.2453542377358517,0
1143,-1.0147377615142008,-0.8819598537697624,0
1144,-0.5512526433145509,-1.209734539322177,0
1145,-1.0503828209906398,-1.0322482729148679,0
1146,-0.9221830507593102,-1.1143304141551496,0
1147,-0.3914839302078077,-1.0094548493202495,0
1148,-1.574286922254804,-1.0763136234818018,0
1149,-0.9349506807677486,-0.8589924039946146,0
1150,-0.21245649570748293,-0.9775382519946326,1
1151,-0.8601415703888512,-1.072163164547309,0
1152,-0.4659161243375407,-1.4330895830109216,0
1153,-1.3360486686446837,-1.009600498640106,0
1154,-2.083750359009251,-0.9591166513466445,0
1155,-1.526089622045986,-1.2353053199391897,0
1156,-1.4957237866136155,-1.0847836064216305,0
1157,0.04223512292325737,-1.1526196506865858,0
1158,-0.5591913670350778,-1.0063958830107818,0
1159,-1.5425018821395118,-0.9629086889767299,0
1160,-0.5933672819708948,-1.1393547082442579,0
1161,-2.4906761018914048,-0.8032277063055984,0
1162,-0.9353081596303302,-1.3633164010530234,0
1163,-0.6249614255946716,-0.7832098546141204,0
1164,-0.3656262239571071,-1.0661505976211778,0
1165,-1.0822098151324993,-0.8718758448294733,0
1166,-0.8192438930084377,-0.9852497762278909,0
1167,-1.2647199544695957,-0.9740482174595794,0
1168,-1.0576508320173987,-0.9545361563216396,0
1169,-0.9191453786760011,-1.1550715250162706,0
1170,-0.590217248965378,-1.200062951975285,0
1171,-1.4204094416368536,-1.1221973575450186,0
1172,-1.0240303909447896,-0.9742420821246541,0
1173,-1.0955329339815476,-0.8900621342378099,0
1174,-0.9265854521893151,-1.0581517123391364,0
1175,-1.4754200569972309,-0.7955351400915007,0
1176,-0.9975864561483585,-1.0428236107548503,0
1177,-0.8152601575702789,-1.0566487946237801,0
1178,-1.5167013944822567,-1.0297901754780945,0
1179,-0.028783756324625598,-1.0056774773811217,0
1180,-0.8797481763690288,-0.917799598283098,0
1181,-1.6130894142947008,-0.8845119236706988,0
1182,-1.1819789332291397,-1.1427077202539864,0
1183,-1.370012463489454,-0.896541835644502,0
1184,-0.3009534525156259,-1.00302598909423,0
1185,-1.4352625087500939,-0.802826052684354,0
1186,-1.097000167314936,-0.993818795232131,0
1187,-1.5605917482692553,-0.8069765992366865,0
1188,-1.5603262988173878,-1.0748045820657066,0
1189,-1.4927842741560644,-0.901405636624681,0
1190,-2.02767215769131,-0.7281265043668791,0
1191,-1.6867228240691934,-1.1114521681003648,0
1192,-1.4522137231090708,-0.8685222065672673,0
1193,-0.4496604051650488,-1.1119421531566533,0
1194,-0.6605493981919445,-1.0882426589880279,0
1195,-1.0286668024280434,-1.1237496175746524,0
1196,-0.3204353825798766,-1.0767679328148874,0
1197,0.39110376469615615,-0.21635654610793864,1
1198,-0.49521629422046365,-0.9041401724831971,0
1199,0.019456462333569347,-1.0848122570062124,0
1200,-1.1368617513321353,-0.9889636652852346,0
1201,-0.35099508229586396,-1.1935988988981863,0
1202,-1.584737645107345,-1.0659120338659016,0
1203,-1.2369030223203037,-0.8672974445018251,0
1204,-0.9700350500439618,-1.175379095347051,0
1205,-1.2477757834152001,-0.7800600245117333,0
1206,-1.4981164191142933,-0.9658751224788176,0
1207,-0.7272248211621144,-1.0704962885729012,0
1208,-1.8895906986180584,-0.9419851259856551,0
1209,-0.19021854967571983,-1.1520307625976192,0
1210,-1.9160441889088529,-1.0724279470602494,0
1211,0.29280935194815116,-1.1707352506853874,0
1212,-0.2064667692584603,-1.5018761547551427,0
1213,-1.0327957911263965,-1.2315954061242655,0
1214,-0.9826161924601053,-0.9114581014272449,0
1215,-0.08362293283706346,-1.4063187224710276,0
1216,-0.9230801812343581,-1.114290676660489,0
1217,-0.7954137148572797,-0.8153851875561002,0
1218,-1.117500654872039,-0.9324389801495355,0
1219,-0.38641140516696426,-0.9623500278316941,0
1220,0.4657175191392977,-1.0678471391935878,0
1221,-1.7228507998476457,-0.8732226119119552,0
1222,-2.5787079686057477,-0.7364399460025355,0
1223,-0.6127514626547602,-0.9796103185188348,0
1224,-1.7928828565322874,-0.6717014256774076,0
1225,-1.3095799723115527,-1.0366056603312903,0
1226,0.15168093581884445,-1.1376518482332179,0
1227,-1.3153334559444854,-1.0495790131706335,0
1228,-0.9343626045986841,-0.9175222666378865,0
1229,-0.05939374771288375,-1.1259757295297286,0
1230,-0.3342284789576141,-0.8936157394828864,0
1231,-0.5902626785524895,-1.0979223381477448,0
1232,-0.4830690352075395,-1.1352336153646347,0
1233,-1.1454174408402331,-0.9472458088402173,0
1234,-1.1556247180261652,-0.9570900806772366,0
1235,-0.6670790236423128,-1.0171576332395467,0
1236,-2.0796036440726273,-1.0437536063668786,0
1237,-1.1287107472088356,-0.9176830181474885,0
1238,-0.39820631164746634,-1.0938953570339478,0
1239,-1.1004438403454735,-0.9297830839104166,0
1240,-0.18899837275218967,-1.2298033862573596,0
1241,-1.6772293525922741,-0.8141731640148018,0
1242,-1.3921553527119084,-0.7491603759830041,0
1243,-0.6766710335988562,-1.1309299378333244,0
1244,-1.1636142548678725,-1.00404621498399,0
1245,-0.9469505265662856,-1.1343413855053528,0
1246,-0.0693432928914679,-1.173228830997424,0
1247,-1.9389287266080029,-0.6616111915774586,0
1248,-0.7033630997443219,-1.1856670411199006,0
1249,-0.24292272789685287,-1.1763391817914344,0
1250,-0.12628484279690066,-0.8545541590915281,0
1251,-1.0420710609230297,-0.8625930790651873,0
1252,-0.908275225225478,-0.8595726886030434,0
1253,-0.1702770150793943,-1.1185400807237407,0
1254,-0.16021067999427618,-1.085949207322654,0
1255,-1.0876868809942355,-1.1496492752310155,0
1256,-0.4629654709296087,-0.9574295051533952,0
1257,-0.4758445874839923,-1.1977361493709133,0
1258,-0.34170503309422084,-0.8638549018370423,0
1259,-0.04168364907103961,-1.3601619814190862,0
1260,-0.6287651164864619,-1.2401954635711143,0
1261,-2.0810283701217647,-0.654404587795727,0
1262,0.23162384057712115,-1.1018629410378,0
1263,-1.1556700699094158,-1.153610607507901,0
1264,-1.9609584929203958,-0.6733790528891617,0
1265,-0.637645813384,-1.0827138180621085,0
1266,-0.7508198628374394,-1.0090429888439305,0
1267,-1.8833439874699032,-0.7383003356065687,0
1268,-1.3944426800385024,-1.015054303526986,0
1269,-0.9400161550471724,-0.9874219481894616,0
1270,-1.4230389126562206,-1.067306944457298,0
1271,-0.8847389828463215,-1.0156792400068666,0
1272,-0.264103820105706,-1.344661124798437,0
1273,-0.9417138438410271,-1.206837282761653,0
1274,-0.20955916600256108,-1.0573823883972633,0
1275,-1.711459765962408,-1.0850425665850345,0
1276,-0.7298494474640129,-0.9605582934606233,0
1277,-0.15374107538550996,-1.079783065625845,0
1278,-0.4262615067182939,-1.1593305659836526,0
1279,-1.1326647433491566,-0.9457415889762687,0
1280,-1.1179567959095382,-1.0177485195400822,0
1281,-2.390259701667122,-0.8087014643666254,0
1282,-1.3938131026948002,-0.881863108292152,0
1283,-0.8977077242646216,-1.26381470548292,0
1284,-0.7599864566067541,-1.441215149928643,0
1285,-1.4579796260182196,-1.1521996673247825,0
1286,-0.9594727025995937,-1.1053845723815703,0
1287,-1.9939685316255296,-0.882191216977495,0
1288,1.1738628816966892,-1.2146648107161095,0
1289,-0.4322684366855346,-1.2190395075262077,0
1290,-0.7792731895394029,-1.0352419421536772,0
1291,-1.814727490466961,-0.9511070276271406,0
1292,0.38109575614527724,-1.1002826167744775,0
1293,-1.107215524441786,-1.0509317950300636,0
1294,-1.849677435311127,-0.9881510952719192,0
1295,-1.6778072029217581,-0.9214950117468098,0
1296,-1.5669565230862514,-0.9070218202077587,0
1297,-1.273892144512775,-1.0513745575238704,0
1298,-2.163666961484885,-0.9261021931621194,0
1299,-1.1763106242915988,-0.7714677184948036,0
1300,-0.3943553680313111,-1.1953820516835711,0
1301,-1.2062228963322126,-1.0661678579881133,0
1302,-1.391403216668517,-0.9329472026580499,0
1303,-1.8403188994128117,-0.7222064801961003,0
1304,-0.6791636443461099,-0.8773189261342044,0
1305,-0.7009258129638494,-1.2572127631868897,0
1306,-2.053399585372759,-0.7597250431680791,0
1307,0.2920737567137124,-1.2663264880322047,0
1308,-1.4140272950995645,-1.0818826266559445,0
1309,-0.8528900196880977,-1.0983025171510559,0
1310,-1.3018353282366868,-0.8817220499366851,0
1311,-2.2172192511655893,-0.6695163231829944,0
1312,-1.0490676363289497,-0.8676649499928624,0
1313,-1.3376806578726192,-0.8146625479923768,0
1314,-0.1260497037311793,-1.0959447581339992,0
1315,-1.0546737666606008,-0.7822856471492992,0
1316,-1.157947577067975,-1.0506288637954013,0
1317,-1.2633592310686346,-0.8758730175005917,0
1318,-0.9629121428594306,-0.9682280568355581,0
1319,-0.6451397053490299,-1.1639965834191024,0
1320,-1.3405741246327965,-0.8492201340484408,0
1321,0.7411124633458397,-1.0853496535773428,0
1322,-0.8714850707742365,-1.123830619065469,0
1323,-1.2289500636648556,-0.8696359328842358,0
1324,-0.10008240829960968,-1.1884742461857156,0
1325,-1.8101880216065873,-0.5270328572482919,0
1326,-1.1439218513274323,-0.8741348559169952,0
1327,-0.1761413308019768,-1.1401063049541607,0
1328,-0.8649070212348331,-0.7098554398056343,0
1329,-0.6016979793956665,-0.8249289654137368,0
1330,-0.9041240775733583,-0.9802966180193583,0
1331,-1.036846560838856,-1.0596555692661767,0
1332,-0.8803782716539122,-0.971198532746681,0
1333,0.09387004843866631,-1.3014042552562621,0
1334,-0.984205668045972,-0.8305477032815495,1
1335,-0.49776712606172346,-1.5362872342170895,0
1336,-1.1815165043657712,-0.9405217306267384,0
1337,-1.9227952537227595,-0.73477538552647,0
1338,-1.406224690110032,-0.7929557136378922,0
1339,-0.15461743934870698,-1.0944370197738535,0
1340,-1.8276015513574129,-0.9390312054224162,0
1341,-1.8764501045725415,-0.8300706943096198,0
1342,-1.3660156530411405,-1.086256474136608,0
1343,-0.5231456730586246,-0.9248701774806046,0
1344,-0.7348712147500542,-1.2413952286260395,0
1345,0.26271085390887805,-1.214062227510611,0
1346,-0.500430886450075,-1.2817655099035035,0
1347,-0.8383752279407077,-1.1168518840480877,0
1348,-0.7406444286565915,-1.1761960194689522,0
1349,-1.3677778615726064,-1.030851690428584,0
1350,-0.6629842819668874,-0.8724220446388473,0
1351,-0.8330063741540837,-0.9919794608503112,0
1352,-0.6280238395363115,-1.0576887094799075,0
1353,-0.7999514153739438,-0.7812244329361879,0
1354,-1.199397050430362,-0.9566669412026347,0
1355,-0.653102845822489,-1.090554489280681,0
1356,-1.0827077744997924,-0.9698842595115539,0
1357,-1.9319500908113882,-0.5892112696235525,0
1358,-0.8973731757691061,-1.047931729981558,0
1359,0.9694660598035445,-1.7809986975771979,1
1360,-1.3045535480997805,-0.8311776201334666,0
1361,-0.5261318220481428,-1.0841132378299219,0
1362,-0.7425311276317589,-1.0318573836851257,0
1363,-0.8855652518318018,-1.0708734671969844,0
1364,-1.3222797457299378,-1.016565809854252,0
1365,-1.1526519147056864,-1.1012538072017697,0
1366,-1.107357976333175,-0.9145189434237414,0
1367,-0.7438194564998482,-1.001506273721918,0
1368,-0.8575321733334931,-1.0945140256097454,0
1369,-2.0387156688509247,-0.7272598476563734,0
1370,-0.8048188014234494,-0.9219055557132573,0
1371,-0.8844614301332444,-0.9537935744928071,0
1372,-1.52980585137089,-0.8857768855308633,0
1373,-0.9565657379595263,-1.118785122705817,0
1374,-0.9075481087791524,-1.0694878873077414,0
1375,-1.2905293193226939,-0.9735375609711353,0
1376,-1.538466451050322,-0.899271383973899,0
1377,-2.018326607035713,-0.7876453254811955,0
1378,-1.0072025568630727,-1.1213807931502833,0
1379,0.15000409585800045,-1.1355781245443728,0
1380,-2.502711543882764,-0.7124848738262896,0
1381,-1.1216597844269254,-1.022645241211519,0
1382,-0.6546158456075588,-0.9480835731618455,0
1383,-1.0297008691843978,-1.1165996227815154,0
1384,-1.1818302923328652,-1.028914082319785,0
1385,-1.197107646602881,-1.0790617882041746,0
1386,-0.9256238220640041,-1.177497547591189,0
1387,-1.268655438621845,-0.9535393892044337,0
1388,-0.7086019433543203,-0.7723246962382989,0
1389,-0.8465896726386744,-1.117345170268933,0
1390,-1.1737645679291615,-0.8916678345509845,0
1391,-0.38739358943665003,-1.1536322885594459,0
1392,-0.305039553294586,-1.2703736008427808,0
1393,-1.7769507600928287,-0.7044671589176926,0
1394,0.8297047148372392,-1.360911560612657,0
1395,-1.267382423647763,-0.8192276967405702,0
1396,-1.586448737078475,-0.7522372910512837,0
1397,0.14412042756837762,-1.3623205443220978,0
1398,-0.6720594124028935,-1.1785175621940711,0
1399,-1.1474958038150638,-1.112945479212948,0
1400,-0.6916937319151644,-1.1382631513372348,0
1401,-1.5142676047139723,-0.6790149321942005,0
1402,-0.4494449973509922,-0.8478198591345043,0
1403,-0.7987727530933756,-0.7219622298221969,0
1404,-2.1392882584974466,-0.9971735225741378,0
1405,-2.2636464198788655,-0.5187541370965063,0
1406,-0.9433204286329104,-0.9322551312643922,0
1407,-1.2667888764312814,-0.7059233534001484,0
1408,-0.5837055766303204,-1.1262601596628348,0
1409,-1.349640568464698,-0.7874332060648258,0
1410,-1.1600135988237075,-0.713106452431143,0
1411,-0.6109723596785396,-0.8617691128717029,0
1412,-1.4985312228801155,-0.9091102179985481,0
1413,-1.2317978184792842,-1.0235308801690932,0
1414,-1.476553581361308,-0.9962107953270769,0
1415,-0.541343255882519,-1.0561215450969377,0
1416,-0.35693894045515706,-1.028283378390683,0
1417,-2.1323850572216174,-0.7174399724211187,0
1418,-0.9722896656471107,-1.1019689879327692,0
1419,-0.5795881806076277,-0.9903164875336005,0
1420,-1.1791608490259247,-0.9105857826671407,0
1421,-0.6782238351006163,-1.1652915539042858,0
1422,-1.8793353635787755,-0.5238024090906864,0
1423,-1.5384260797955287,-1.149670450251979,0
1424,-0.7285555562749415,-0.9621555822396619,0
1425,-2.512906625524371,-0.7088497428412883,0
1426,-1.6573408681129655,-0.7292445191890952,0
1427,-1.339766244621966,-0.8346706445065889,0
1428,-0.5748921102167679,-1.1752358408179082,0
1429,-0.5724878605402681,-1.0693924660938268,0
1430,-0.9586908483129842,-0.9567537273115998,0
1431,-0.5022403649380757,-1.1405558658137926,0
1432,-2.1906311514063894,-0.8611179137983898,0
1433,-0.5396183159487704,-1.003421780822138,0
1434,-2.294603651925461,-0.40160171830009295,0
1435,-0.9654362722786277,-1.0396307744699673,0
1436,-0.8262837708942226,-1.1952567864233234,0
1437,-2.4403435486151217,-0.8881868091082367,0
1438,-1.5250547775291374,-0.9407112373710774,0
1439,-1.0302911732549593,-0.9544314487291625,0
1440,-0.852031922210108,-1.112983313828812,0
1441,-1.1150631706998988,-0.6756085471635342,0
1442,-0.2982826938080678,-1.2002290247514473,0
1443,-1.6051381076029516,-1.002398977828879,0
1444,-0.48813443117663224,-1.0959535735439674,0
1445,-0.7126868326172628,-1.0275679177554782,0
1446,-0.3532462813539361,-1.2203054226644123,0
1447,0.44216465501670243,-0.9973904084319356,0
1448,-1.5385303273889206,-1.055849610027827,0
1449,-0.9583016566065989,-0.9040504047769858,0
1450,-1.084897645661395,-0.9770159547578402,0
1451,-1.8359853367709964,-0.9675065098067527,0
1452,-1.3395759831276215,-1.0333147434399168,0
1453,-1.6855498412837333,-0.7997871547676918,0
1454,-1.368415766212305,-0.8642382884965205,0
1455,-1.305601302295301,-0.9158148602588362,0
1456,-0.9865647974217837,-1.2460369260155222,0
1457,-0.5906346965196856,-1.1658494010584772,0
1458,-1.9677944549666886,-0.7804101631697613,0
1459,-0.19274594754205399,-1.1861100905808548,0
1460,-0.6824897490006575,-1.0520442925140636,0
1461,-1.3669301023582647,-1.0996880585330278,1
1462,-0.9770348229785502,-0.9311023756789137,0
1463,-1.9089328560947536,-0.5225337992952923,0
1464,-1.6879905523724852,-0.965560378675409,0
1465,-0.6704766743588549,-0.9983197237620784,0
1466,-0.1038932534727166,-1.189958946585917,0
1467,-1.7236208066226466,-0.8509776183782491,0
1468,-0.610735357577196,-1.12094851498567,0
1469,0.08320077816575289,-1.092556857301875,0
1470,-1.1424322079581486,-1.254533393338821,0
1471,-0.6964219347773146,-0.9585750693491343,0
1472,-1.2060772199765615,-1.002753889854544,0
1473,-1.325263180138037,-0.8065060514698613,0
1474,0.3545063477977606,-1.2792654855658951,0
1475,-0.10675118845804754,-1.3571653731531965,0
1476,-1.3010963400011284,-0.9287750869560816,0
1477,0.013342944826188585,-1.1045138578784386,0
1478,-1.198028117088977,-0.7411447848468219,0
1479,-1.6261593026979808,-0.9769833496475343,0
1480,-0.14693377897472826,-1.1469766234777186,0
1481,-1.6069459978051381,-0.8749870646406696,0
1482,-1.985820130987372,-1.1504661534369707,0
1483,0.028254997349215216,-1.111444243208516,0
1484,-1.002617232281131,-0.97518633066534,0
1485,-0.5111341404688099,-0.9664086547888581,0
1486,-2.2266142255088424,-0.5824039738763338,0
1487,-0.250608234469319,-1.061305095186439,0
1488,-0.16810125761285422,-1.055098676468132,0
1489,-0.4472685224083963,-1.0400195862373598,0
1490,-0.7830407769057155,-1.208864379084252,0
1491,-0.8470776258101052,-1.069323877645958,0
1492,-0.7034996159501534,-1.460573047894393,0
1493,-0.9222378945362333,-0.9604562580203118,0
1494,-0.6054700882095568,-0.9905946261445153,0
1495,-1.3173751599800787,-0.9226344370658927,0
1496,-0.38058981681424786,-1.0083771299215052,0
1497,-1.4635496531322207,-0.7629358806022469,0
1498,-1.0890493337589728,-0.6424299155111656,0
1499,0.17397130923804482,-1.0986880008917879,0
1500,-1.3555280948831256,-0.7204026619226019,0
1501,-0.9203871723523542,-1.095942576861215,0
1502,-0.9836321841969091,-1.0456018830529432,0
1503,-0.9496778415391682,-0.8424131781677715,0
1504,-0.32237215047815093,-1.2102767863280584,0
1505,-0.22454997559272893,-1.0190917262178973,0
1506,-1.407532860397819,-1.0913914724011617,0
1507,-0.22115587763881805,-1.0453941463538525,0
1508,-1.453510183360716,-0.6892026212962038,0
1509,-2.1043586034347355,-0.7403709587787344,0
1510,-1.021761201542979,-0.9985351921505317,0
1511,-0.44006732395057435,-1.2362088576258998,0
1512,-0.2280167312463759,-1.0790661989133394,0
1513,-0.14751508025023552,-1.1712926956106544,0
1514,-0.639543574183085,-1.3107453316427047,0
1515,-0.6193114757124156,-0.9630974625057277,0
1516,-0.6796368694499964,-1.144923073622207,0
1517,-1.07907680657545,-0.9304134851768692,0
1518,-0.5489333855328896,-1.0663218532273357,0
1519,-0.8247894200606193,-1.3621032118798868,0
1520,-0.9885944431507718,-0.9105348429087267,0
1521,-1.7664999418053813,-1.0361594263391762,0
1522,-0.6327500921780369,-1.370874800029168,0
1523,-0.9826149089316203,-0.8877408333383595,0
1524,-1.5996715514639661,-0.7081310928310429,0
1525,-0.8970408675380535,-0.8329207476487873,0
1526,-1.2117073496920159,-1.0944071817984822,0
1527,-0.3982659275466388,-1.1535569699408887,0
1528,-1.2669776321618778,-1.034852818756944,0
1529,-1.692096026439123,-1.081429973109072,0
1530,-1.4693888003712632,-0.9669932492855737,0
1531,-1.3447965130602006,-0.7428203963315814,0
1532,-2.0208930595773484,-0.8347283924778572,0
1533,-1.471785986833308,-0.6251972617910759,0
1534,-0.0008902853235204233,-0.8657651767840889,0
1535,-0.02583243589147044,-1.0622302979226732,0
1536,-1.0617867986424583,-0.9199018704218125,0
1537,0.735816430607565,-1.2849073221543035,0
1538,-1.833207620218459,-0.6538895687482607,0
1539,-1.6331626967145665,-0.9255358169063177,0
1540,0.5795201069993299,-1.2131947351462844,0
1541,-0.6906993474575585,-1.0928038392819208,0
1542,-1.6223758430947148,-0.9122385715352799,0
1543,-1.2816731964971477,-0.4360104173174615,0
1544,-2.280885556920886,-0.8328674859446029,0
1545,-0.23123544686029118,-1.1676549048816287,0
1546,-0.8173643698036326,-1.0051476372461148,0
1547,-0.6773685389251295,-1.1182783695906249,0
1548,-1.4650532219048853,-0.9048323345348576,0
1549,-0.5642537582239929,-1.0488262676704219,0
1550,-1.0908834617444345,-1.1633888964431687,0
1551,-1.9057077339097248,-0.8287246427985221,0
1552,-0.4081031181078696,-1.2569066768906558,0
1553,-0.7724951252286845,-1.1225696681875268,0
1554,0.37172849601534974,-1.1855250233294106,0
1555,-1.7822930534220962,-0.7525430734133572,0
1556,-0.7300926551310446,-0.9723810184712692,0
1557,-0.45209650572920534,-1.2612764260324152,0
1558,-1.6129445808688918,-0.9484659521263321,0
1559,-1.561779318711943,-1.1960842151950706,0
1560,-0.6188246263753427,-1.2027233110226547,0
1561,-0.2058347917204657,-1.2303690140804913,0
1562,-1.0080068075465793,-1.0181504993011234,0
1563,-0.6805096251529694,-0.9135553835330588,0
1564,-0.9330368368647539,-0.8346994511789607,0
1565,-0.41021203654100136,-1.161375139096034,0
1566,-1.3542345036646222,-0.9244867919906111,0
1567,-0.701725169420829,-1.1138557996208676,0
1568,-1.212511271830504,-1.0651300556828618,0
1569,-1.6210194969428164,-0.8595868555624502,0
1570,-0.9818715037053602,-1.041329342911066,0
1571,-1.4663729514352242,-0.7707496344082188,0
1572,-1.6697388927713002,-0.8716474615032077,0
1573,-0.5928412851818784,-1.043195827283516,0
1574,-1.3622550396708961,-0.7360949827953507,0
1575,-1.217190109340501,-0.7616111740351016,0
1576,-0.6967754943878721,-1.312445744897542,0
1577,-1.0631076365181622,-0.9381577622917682,0
1578,-1.6522984197240518,-0.8635360290565672,0
1579,-1.8586607230713694,-1.1876108945305535,0
1580,-2.1252733330312763,-0.8947101886001029,0
1581,-0.018242716612480114,-0.9415628162638485,0
1582,-1.9453693492315223,-1.1247104816269982,0
1583,-1.1131295180014082,-0.9617565555541561,0
1584,-0.9310600933741386,-0.9630362552265727,0
1585,-1.0807212419594516,-1.2798357364394874,0
1586,-0.296945917880572,-1.0866846020194412,0
1587,-1.5220329804765653,-1.2540055579675793,0
1588,-0.33543414447532127,-1.130888726893835,0
1589,-0.24508987708725782,-0.9324027198485357,0
1590,-0.35426097172516624,-1.1896395474264754,0
1591,-1.6575766666280023,-0.7859200715897953,0
1592,-1.0251774381767471,-0.9043609566740674,0
1593,-1.2639617843612823,-0.8773389461351515,0
1594,-1.7331478766439332,-0.8847376516154869,0
1595,-1.225993474863146,-0.7564045718867054,0
1596,-1.104932210627308,-0.8531772129601004,0
1597,-0.6698899823192304,-1.1971386739799974,0
1598,-1.7620067776150246,-0.7313375171980039,0
1599,-0.5444902429460201,-0.9184762360517106,0
1600,-0.2887713414497213,-0.9996715982420513,0
1601,0.0979324946700646,-1.0716885545079968,0
1602,-1.2037311258161278,-1.0267740993390078,0
1603,-1.3319794282099955,-1.0338462498531649,0
1604,-2.0739621505084833,-1.0060819923927926,0
1605,-2.190169741188232,-0.7208942610791701,0
1606,-2.484484927505295,-0.6214236020258903,0
1607,-1.0769811277103483,-0.9757637520347614,0
1608,-1.3130783354870814,-1.3365630183889425,0
1609,-1.7648485802501226,-0.8403596198704364,0
1610,-1.2671633024980036,-0.9805074216585049,0
1611,-2.030583351314503,-0.6273363412689532,0
1612,-0.8413404358044363,-1.3513377057527305,0
1613,-0.4629297413317006,-1.0731447820306859,0
1614,-0.4433113298536241,-1.0163350033014535,0
1615,0.34152927630826824,-1.3305891306835544,0
1616,-1.1200391675804258,-0.9872752135779491,0
1617,-1.7285725204631741,-1.1159492459065823,0
1618,-0.4927681365035508,-1.275600980216323,0
1619,-1.0072760351596266,-0.8111485089471931,0
1620,-0.03652767914350141,-1.1999868491827992,0
1621,-0.7972151066532271,-0.9151816267602618,0
1622,-0.6925716451048249,-1.0201127475116363,0
1623,-0.05706042628360031,-1.1888070335233167,0
1624,-1.10318028290481,-1.0233998233886148,0
1625,-1.1536703400115633,-0.8511389095730724,0
1626,-0.5979678334225472,-0.9673710917230649,0
1627,-1.5842641907244546,-0.9247533603064044,0
1628,-0.6000923838563534,-1.3128480353950969,0
1629,-1.9201659575562509,-0.45400868432629415,0
1630,-1.3809074146605096,-1.0928427536174459,0
1631,-1.3574154414879314,-0.9307684839575643,0
1632,-1.6234408296609288,-0.9482823376165573,0
1633,-0.9869829282508753,-1.3258533441444955,0
1634,-1.1935761736889847,-1.0167786489428734,0
1635,-1.4319722907505152,-1.058560762590038,0
1636,-0.9454502947769011,-0.9809777220979976,0
1637,-0.07125822671028348,-1.1990285497917679,0
1638,-0.6556830756266159,-1.1886230357253402,0
1639,-1.0498709116043707,-1.132512278437825,0
1640,-0.6229219850029881,-1.169546475559575,0
1641,-0.13832390706220865,-0.9233515575430971,0
1642,-0.8596415054953402,-0.8356775730615678,0
1643,-0.24434803011838024,-1.0539725410817828,0
1644,-0.1630672582029421,-1.1105731471717948,0
1645,-1.1085154879218748,-1.1428683423980475,0
1646,0.18276317666406117,-1.2155120602671183,0
1647,-0.6872820046487873,-0.697520619562418,0
1648,-1.1048599500301932,-1.1993335182787908,0
1649,-1.984814437637367,-0.7518956492101385,0
1650,-1.9887264541559295,-0.8417032394801166,0
1651,-1.2666730953636298,-0.9847707721267575,0
1652,-0.6629532972076392,-1.0002719320756928,0
1653,-0.7795574720939926,-0.768254159432199,0
1654,-0.4763314568342236,-0.866508897445746,0
1655,-0.3604620707745221,-1.0373801514141345,0
1656,-0.717341200087954,-1.0018469624311575,0
1657,-0.9918033041635874,-0.8882894909790576,0
1658,-0.666485887348355,-0.7882310012853566,0
1659,-0.12889394816659472,-1.3296716238946917,0
1660,-0.9959754263941188,-0.9687435503762643,0
1661,-0.6169871303826469,-0.9708422556722742,0
1662,-0.7676112205346983,-0.9800754679506934,0
1663,-0.336852728112483,-1.3744741884893128,0
1664,-0.15811093473233329,-1.1321093688533923,0
1665,-0.16762066126211161,-1.5032658221426072,0
1666,-0.8248088952601598,-1.1000672500579152,0
1667,-2.046923766143335,-0.6876166131758641,0
1668,-0.5355172440274498,-0.9719096491867368,0
1669,-1.2595368990368407,-0.6356773009915825,0
1670,-1.1411805150501904,-1.1018496576869332,0
1671,-0.9690237695864468,-1.0315282528032386,0
1672,-1.406438722589455,-0.9186102115131344,0
1673,-1.7020839654948872,-0.910619576382425,0
1674,-1.8793212131615973,-1.0558520556772928,0
1675,-1.853291961295628,-1.0402873067775955,0
1676,-1.5259519103705539,-1.2500952377584562,0
1677,-0.32448861373021076,-1.2758345882704938,0
1678,-0.5198771067775669,-1.1925418882144434,0
1679,-1.7054566809638856,-0.8781392378734858,0
1680,-1.5348129399731754,-0.9186136121311524,0
1681,-1.0137093575580307,-0.9487666874977522,0
1682,-0.3690429493479622,-0.944748305799367,0
1683,-1.2759320898398832,-1.0459500662216845,0
1684,0.2836486720340641,-1.0865573344976798,0
1685,-0.7183850691798447,-0.9275463306847685,0
1686,-1.0850561420924871,-0.8052144249106616,0
1687,-2.5331543181016647,-0.8223705398514505,0
1688,-0.7629822095141823,-1.033137707156974,0
1689,-0.09606365845675613,-1.2788943807489854,0
1690,-0.5914317570491148,-1.022477721499655,0
1691,-1.6475277665694406,-1.2292303549560328,0
1692,0.09654731831143248,-1.108089904271643,0
1693,-1.232040293563416,-0.991263494490386,0
1694,-1.2014421520310723,-0.9616230531810456,0
1695,-0.041652882041879,-1.4916471594076386,0
1696,-1.0064422016451535,-1.0207292962727472,0
1697,-0.03222038517972048,-1.0800633422022017,0
1698,-0.9954341949978995,-1.2200505845522311,0
1699,-0.8396428375601033,-1.0615808442147412,0
1700,-1.0281801982353864,-1.120874886789186,0
1701,-0.3361404734224268,-1.3563503291223133,0
1702,-0.696697373493091,-1.1409747753484234,0
1703,-1.1955296417193275,-1.0286031329341494,0
1704,-1.7552756260489362,-0.769171167290454,0
1705,-0.8397848565073025,-0.9291239396531624,0
1706,-0.13407072449051727,-1.349364128460691,0
1707,-0.982757666967066,-1.013406455550996,0
1708,-0.26809674755192425,-1.0362912397640431,0
1709,0.635635753033144,-1.0435149070817245,1
1710,0.06504841585743693,-1.2037839441740918,0
1711,-1.0823482003614475,-0.815920561885716,0
1712,-0.644861048683154,-0.797273481738063,0
1713,-0.4820163117673232,-1.347867923442785,0
1714,0.06748734250360422,-1.396787379119923,0
1715,0.06173092390758805,-1.1289847039712122,0
1716,-1.3271807717862554,-0.8688605649801955,0
1717,-1.528406410071356,-0.736462420931632,0
1718,-0.7457640142382533,-0.9913568874123994,0
1719,-0.902538671092895,-1.1573084107015297,0
1720,-2.563489682308127,-0.6971090524051439,0
1721,-0.5460091066779711,-1.1063440563825981,0
1722,1.2854107834556152,-1.2905149812158734,1
1723,-1.5377574882086325,-1.0462788155886107,0
1724,-1.8514871899741108,-0.7481261938016683,0
1725,-1.6050114102888937,-1.046896403452993,0
1726,-0.7567609531135555,-1.3089721432303045,0
1727,-1.4429997783283814,-1.151771972835465,0
1728,-2.727637617596209,-0.5725432679566229,0
1729,-0.09615895248601669,-1.0335259547258837,0
1730,-1.2813757095008462,-0.9871553993969127,0
1731,-0.9827748223991755,-1.068020978550511,0
1732,-0.15815323861426878,-1.1835633957760148,0
1733,-0.4513866519550407,-0.8300930918050349,0
1734,-0.9753007458330673,-0.6764204927587678,0
1735,-0.9694790275060441,-0.7754021023247106,0
1736,-1.0386697400120741,-0.9734912232612644,0
1737,-0.8565609801625136,-0.8648518480176052,0
1738,-2.1522768729667945,-0.7718033415598775,0
1739,-0.652207457104029,-0.9965108766816592,0
1740,-0.22630580749987694,-1.3173238801296911,0
1741,-2.1179441604353038,-0.7913340612088153,0
1742,-0.7695653570152047,-0.7227441822720821,0
1743,-1.7552260866194265,-0.9936248314798072,0
1744,0.06352813167719695,-1.1753408329993718,0
1745,-0.8292014143957676,-1.0430749096244112,0
1746,-1.1041939926178923,-1.0951847562777162,0
1747,-1.1378426308626555,-1.2031642655833448,0
1748,-0.2568117193395987,-1.3065696276802798,0
1749,-1.1828056293699287,-1.2190750546097477,0
1750,-1.5746618208104628,-0.7559056606781853,0
1751,-0.5145603249158652,-1.3858355200643158,0
1752,-0.962211614148035,-1.0989074182625247,0
1753,-0.17639808282621527,-1.1251012578337074,0
1754,-0.724240270796542,-1.0200365854432034,0
1755,-0.298250330215017,-0.9515584470098994,0
1756,-1.5109433063891833,-0.9098185428486669,0
1757,-0.33428003368011117,-0.9039216589415183,0
1758,-1.849666693832186,-1.1613739866354427,0
1759,-1.7055841614454106,-0.920301428141026,0
1760,-1.082605561873034,-1.0329686053302007,0
1761,-0.8254555347157477,-0.9930510998401825,0
1762,0.4727819807510296,-1.2202330649887692,0
1763,-2.2264986291083675,-0.6811733373312245,0
1764,-0.39608252104520236,-1.1651669633942856,0
1765,-2.4299285035165457,-0.8256704210892736,0
1766,-1.958882033602411,-1.0108914072191377,0
1767,-0.35864584237073815,-1.1314449980768275,0
1768,-1.3872413928634457,-0.8837980825899507,0
1769,-1.412987618751983,-0.754160348152888,0
1770,-1.1612684278398482,-0.9490560822680021,0
1771,-1.5660616476496063,-0.7166668661300464,0
1772,-1.3707693573551971,-0.7844314692224272,0
1773,-0.8257120222936034,-0.9580514435475067,0
1774,-0.12150079992475615,-1.3922884374576419,0
1775,-0.9964589301743834,-1.1105884217631474,0
1776,-0.9652331394415367,-1.0097482699851799,0
1777,-1.6526182795956283,-0.8553024920053448,0
1778,-0.4840767721169784,-1.05753798944641,0
1779,-1.0678121200818622,-1.1569779711100794,0
1780,-1.833503266873707,-0.9449656834696415,0
1781,-0.8452503859745787,-1.1672180436165593,0
1782,-1.064965013351051,-0.7783620239402365,0
1783,-1.25242745376366,-0.6977255003780156,0
1784,-0.997965652505614,-0.8132590788516937,0
1785,-0.9927727296273943,-1.2284058232734352,0
1786,-1.9415474262947248,-0.8327613187003226,0
1787,-0.15905193841155674,-1.3393169457177299,0
1788,-1.5945983955061371,-0.686731893944055,0
1789,0.8339607311258463,-1.4457133553692412,0
1790,-0.3734985866974534,-1.198040054902709,0
1791,-1.638512427179319,-0.9370804806507977,0
1792,-2.4109727183303113,-0.632492718450233,0
1793,-2.033355421758653,-0.8960018444674451,0
1794,-1.8197066237664972,-0.9285042863067398,0
1795,0.1811249920815421,-1.3855047885011833,0
1796,-0.5897841202058316,-0.9593225077439386,0
1797,-2.2343961901087392,-0.805501316744091,0
1798,-2.005994069030335,-0.7868145638872543,0
1799,-0.6189917377456415,-0.9793205961169691,0
1800,-0.9595161088963671,-0.806942610440215,0
1801,-0.44411218081518866,-0.7499885869766132,0
1802,-0.7393800061032318,-0.9888378167964169,0
1803,-1.4202888444732988,-0.8198101184143678,0
1804,-1.9940292866479106,-0.9541624265484978,0
1805,-1.30700703129767,-0.7770070170519479,0
1806,0.42839634834583373,-1.3346143610378776,0
1807,-1.6222858439592067,-0.7796772043305221,0
1808,-0.5019887070780222,-1.1453353413786056,0
1809,-1.2096763471568035,-0.9560543955430472,0
1810,-1.142515258602822,-1.1060887483752364,0
1811,-1.58220005289458,-0.7154498548665222,0
1812,-0.14106935350405236,-1.2475355027601975,0
1813,-0.7640312724320806,-0.8739717316758734,0
1814,-1.6412595570425248,-1.0964034772156461,0
1815,-0.8978710003743939,-1.2465104900710267,0
1816,-0.1870478573657649,-1.1307078215876483,0
1817,-1.493211827521813,-0.9535256635531497,0
1818,-1.1824890356131605,-0.9682586645419533,0
1819,-0.9331532378240602,-0.9949554608409945,0
1820,-1.2778843694564623,-0.9676518161229561,0
1821,-0.3893703721647698,-1.239752124859805,0
1822,-1.1225212263976145,-1.097309309830968,0
1823,-0.6801251206819431,-1.0358716545546867,0
1824,-1.2648417620860064,-1.0097150332114944,0
1825,-0.9725301216958764,-1.1594230928591187,0
1826,-1.3641101489878513,-0.9567964094495189,0
1827,-0.7666125072755148,-0.7473286473333662,0
1828,-0.33617900131139056,-1.136622426611291,0
1829,-0.6430779072698576,-1.1284098570408474,0
1830,-0.6932226301006285,-1.065492424291827,0
1831,-0.9660534755558264,-0.7384223224333556,0
1832,-1.0290886794610279,-0.9725736792326376,0
1833,-2.14740698889271,-0.7958767330950923,0
1834,-1.0309388198135967,-1.1098770129123072,0
1835,-0.6883361508087413,-0.8188767027672114,0
1836,-1.2365234959847444,-0.9133166919716293,0
1837,-1.0623952724395929,-1.204299319509596,0
1838,-1.4822197820892193,-1.0604841397429374,0
1839,-0.8850293640199428,-0.9834353240060365,0
1840,-0.8153024683074317,-1.0424608324608546,0
1841,-0.17240241248150934,-1.101971224115356,0
1842,-0.738080000280357,-0.8915732218122,0
1843,-2.5555471521190007,-0.8755413582704363,0
1844,0.09390350934207037,-1.0770011497581211,0
1845,-1.7113191359841589,-0.9097755916548045,0
1846,-0.857979632919426,-1.0987005130020635,0
1847,-0.5936602730623569,-1.2783969596722213,0
1848,-0.6104818099384874,-0.9383418151894124,0
1849,-1.1626979722855935,-1.1263911260657458,0
1850,-1.3292975830085612,-1.1855272690196965,0
1851,-0.8377404888512212,-1.2517683791067507,0
1852,-1.3470347683121255,-0.9219684395727604,0
1853,-0.23545471400486273,-1.1231495868716044,0
1854,-0.4569112827763897,-1.2791921950696006,0
1855,-1.1079292818678697,-1.1152230676745407,0
1856,-0.7350579523038621,-0.7341212468814932,0
1857,-0.5404133773079209,-0.949537170231736,0
1858,-1.522974031657285,-1.0952818798555863,0
1859,-0.010549659779350407,-0.7491405524961162,0
1860,-0.7818019302657861,-0.9907271754315626,0
1861,-0.04446953309486701,-1.401624548029731,0
1862,-1.2482104522761497,-1.0297418258820512,0
1863,-0.5584706915757576,-1.179835260160059,0
1864,-0.4206816409748235,-1.0975749100722352,0
1865,-1.5190655540257012,-0.9715568336493811,0
1866,-0.4064312431973165,-1.1579808143524746,0
1867,-1.4047462361512166,-0.819595377008062,0
1868,-1.2644132435121747,-0.8262836479701452,0
1869,-0.2758700880771914,-0.9132262182730485,0
1870,-1.5211220651592048,-0.7903803185266021,0
1871,-2.654480911334998,-0.5496873729805551,0
1872,-2.098407647515133,-0.786128408306183,0
1873,-1.5933023569169216,-0.9407123028386156,0
1874,-1.2273866801051396,-1.0010296514229906,0
1875,-1.471719870606539,-0.9225967538552213,0
1876,-1.5318855242769938,-1.1214421359213533,0
1877,-0.8079639043734703,-1.0119495979294109,0
1878,-2.2516385212523815,-0.7905079206289973,0
1879,-0.08798248884247317,-1.2625882419777317,0
1880,-1.83614496132496,-0.7864172625616879,0
1881,-1.0662942353712113,-0.9814258075198011,0
1882,-1.3867013345268004,-1.0087711958832681,0
1883,-0.39546092283123624,-1.1039707508509706,0
1884,-0.31933640674139585,-1.2005130308084642,0
1885,-1.2020314061781747,-1.1632148711088919,0
1886,-0.17617183722900642,-1.0739943617055947,0
1887,-1.7469943601020193,-0.9309455099628655,0
1888,-0.7416628471207634,-1.044452374030011,0
1889,-1.4256963028973664,-1.024511519519309,0
1890,-0.7660188211230029,-1.2402683379147241,0
1891,-0.2826595753376623,-0.9667406768769063,0
1892,-1.3323213841595938,-0.9654614213147813,0
1893,0.1840731450573596,-1.244371338368806,0
1894,-1.9875673625192114,-0.8386352307347872,0
1895,-1.645419901615727,-0.759136741605192,0
1896,-0.4568212770296667,-0.9127583298561338,0
1897,-1.3327503351752725,-1.0234876893044966,0
1898,-0.7213300904121118,-0.9742815862779911,0
1899,-0.6196795908064023,-0.9471299478226315,0
1900,-0.7901461430817895,-1.0821316925822655,0
1901,-1.4368634436730647,-0.9237458071083006,0
1902,-1.2301573268119192,-0.8975378960740534,0
1903,-0.13064553721228034,-1.2922477053065076,0
1904,-0.8028432335253768,-1.046078148610675,0
1905,1.271474221219887,-1.59068852418836,1
1906,-2.4639310189760284,-0.7187570790297375,0
1907,0.09959143502116463,-1.2176392627507047,0
1908,-0.8304627468742964,-0.7958938918646962,0
1909,-1.4879176627414263,-0.6754949121057301,0
1910,-0.9992583372563427,-1.0604043835070542,0
1911,0.09553877856712245,-1.292868179386741,0
1912,0.1684843855570599,-1.1751587571816353,0
1913,-1.4461252420868547,-1.02739387061307,0
1914,-0.7209168744215924,-1.2206376811573758,0
1915,-0.9071744343051055,-0.8574788471998928,0
1916,-0.765501079617111,-1.0453157299036004,0
1917,-0.6338211133997214,-1.1108447400049828,0
1918,-0.5939389410884366,-1.005990979769892,0
1919,-2.077904227862814,-0.9387539474907711,0
1920,-0.35519445741038136,-1.0698477231341483,0
1921,-1.1123743576743115,-1.1186414790952397,0
1922,-1.2435464841516823,-1.1051162858778492,0
1923,-1.110554729624595,-1.090574140362344,0
1924,-1.0311693369767096,-1.2345412618977811,0
1925,-0.47700782596006763,-1.3389601958463166,0
1926,-1.1361035810795999,-0.8194194878736101,0
1927,-0.4980215654302398,-1.0109051356588308,0
1928,-1.1981004862811206,-0.7579245996292165,0
1929,-0.509790072702043,-1.178893716041202,0
1930,-0.37140791821452623,-1.4928279946873126,0
1931,-0.7829577782666094,-1.173434706895962,0
1932,-1.109417961854,-1.085765484409041,0
1933,-0.5921977192382685,-0.8999349765185933,0
1934,-1.8801741025236716,-0.7466870115339763,0
1935,-0.7215585456314249,-1.157330326553277,0
1936,-1.2636716167077604,-1.1246147081787603,0
1937,0.3400076283328881,-1.274342122662358,0
1938,-0.7611493596985389,-0.9248696801477152,0
1939,-0.8344469526537277,-0.8354801740974689,0
1940,-1.7161158055446228,-0.9598747220764032,0
1941,0.7465597677834946,-0.8786094205723195,1
1942,-0.9393945248044118,-1.0051078022753241,0
1943,-1.3296623937568017,-0.890134549982227,0
1944,-1.6802591717699007,-0.9441989494234481,0
1945,-0.7109819388899892,-1.1761727899521122,0
1946,-1.0968754657007183,-1.0538111905251035,0
1947,-0.47105976920083825,-1.1750055704387559,0
1948,-0.5335329398017908,-1.080753824283943,0
1949,-0.8618444789719769,-1.3515795778211863,1
1950,-1.6240882267585883,-0.9789238799072221,0
1951,-0.6776859808141793,-0.983315357617417,0
1952,-1.8569250842592373,-0.8288688252398373,0
1953,-0.7964269961773234,-1.0532136933793228,0
1954,-0.7864549535852456,-1.157552145074844,0
1955,-1.4177275658015427,-0.9879281613895634,0
1956,-0.7640231720366992,-0.9658112122883863,0
1957,-0.5376120886370817,-0.8350491499732509,0
1958,-1.3678329503192042,-0.8472839155815809,0
1959,-1.7094805404940874,-0.9777791058591715,0
1960,-0.2585612975904662,-1.028645236885832,0
1961,-0.5608243725863766,-0.6494553947834721,0
1962,-0.8651490972451135,-1.04422896326083,0
1963,-0.7060086809936132,-1.094343189846138,0
1964,-0.5464211181334833,-1.000565391391601,0
1965,-1.249665729974767,-1.0664775960569741,0
1966,-1.817206068744646,-0.8382782437252426,0
1967,-1.0524101608334906,-0.9206952380982526,0
1968,-1.138329982284416,-0.9834186814390886,0
1969,-0.7989212702161922,-0.9538255290619266,0
1970,-0.400733058108085,-1.3828683639177557,0
1971,-1.3427873856038364,-1.145728449813365,0
1972,-1.7135926016434746,-0.8522404487785247,0
1973,0.7255265130966089,-0.7423797538108309,1
1974,-0.6086724684820708,-0.9563529356754544,0
1975,-0.47533115513793667,-1.0554943225582434,0
1976,-1.301556687335589,-1.086409404946831,0
1977,-1.9340158284412303,-0.8176503559019349,0
1978,-0.8972034186347142,-0.9138183054185159,0
1979,-1.2476307774556716,-0.9341377620091016,0
1980,-0.8181653049616671,-1.189993472154859,0
1981,-0.3798302617021794,-1.1911499920957336,0
1982,-1.094377746974381,-1.132537450574149,0
1983,-1.262061100008124,-0.8679048333295196,0
1984,-0.9560762274730036,-1.0452875357289089,0
1985,-1.8412709756154866,-1.1496311929789025,0
1986,-0.9307730902145264,-1.2364149697911522,0
1987,-0.6897921450996918,-1.11398553428502,0
1988,-0.9316731138088639,-0.8674242267992643,0
1989,-1.1824423408693066,-0.8699475065467395,0
1990,-1.2914986639865726,-0.8416079631598001,0
1991,-0.9489849821180973,-0.9381266051074019,0
1992,-1.587821704493514,-0.9482050902321602,0
1993,-1.3201011349176937,-1.1570293646698289,0
1994,-0.4808491339476295,-1.0771376400061292,0
1995,-1.2761697705338948,-1.0518943576704107,0
1996,0.6052242315195009,-0.6981289857793014,1
1997,-1.1045170426835804,-1.0324600777462332,0
1998,0.4099331713238674,-1.0984483398771177,0
1999,-1.8622595146797745,-0.8719912365420173,0
